/*
SQLyog Ultimate v10.42 
MySQL - 5.7.26 : Database - my-appointments
*********************************************************************
*/

/*!40101 SET NAMES utf8 */;

/*!40101 SET SQL_MODE=''*/;

/*!40014 SET @OLD_UNIQUE_CHECKS=@@UNIQUE_CHECKS, UNIQUE_CHECKS=0 */;
/*!40014 SET @OLD_FOREIGN_KEY_CHECKS=@@FOREIGN_KEY_CHECKS, FOREIGN_KEY_CHECKS=0 */;
/*!40101 SET @OLD_SQL_MODE=@@SQL_MODE, SQL_MODE='NO_AUTO_VALUE_ON_ZERO' */;
/*!40111 SET @OLD_SQL_NOTES=@@SQL_NOTES, SQL_NOTES=0 */;
CREATE DATABASE /*!32312 IF NOT EXISTS*/`my-appointments` /*!40100 DEFAULT CHARACTER SET utf8mb4 COLLATE utf8mb4_unicode_ci */;

USE `my-appointments`;

/*Table structure for table `appointments` */

DROP TABLE IF EXISTS `appointments`;

CREATE TABLE `appointments` (
  `id` int(10) unsigned NOT NULL AUTO_INCREMENT,
  `description` varchar(255) COLLATE utf8mb4_unicode_ci NOT NULL,
  `specialty_id` int(10) unsigned NOT NULL,
  `doctor_id` int(10) unsigned NOT NULL,
  `patient_id` int(10) unsigned NOT NULL,
  `scheduled_date` date NOT NULL,
  `scheduled_time` time NOT NULL,
  `type` varchar(255) COLLATE utf8mb4_unicode_ci NOT NULL,
  `created_at` timestamp NULL DEFAULT NULL,
  `updated_at` timestamp NULL DEFAULT NULL,
  `status` varchar(255) COLLATE utf8mb4_unicode_ci NOT NULL DEFAULT 'Reservada',
  PRIMARY KEY (`id`),
  KEY `appointments_specialty_id_foreign` (`specialty_id`),
  KEY `appointments_doctor_id_foreign` (`doctor_id`),
  KEY `appointments_patient_id_foreign` (`patient_id`),
  CONSTRAINT `appointments_doctor_id_foreign` FOREIGN KEY (`doctor_id`) REFERENCES `users` (`id`),
  CONSTRAINT `appointments_patient_id_foreign` FOREIGN KEY (`patient_id`) REFERENCES `users` (`id`),
  CONSTRAINT `appointments_specialty_id_foreign` FOREIGN KEY (`specialty_id`) REFERENCES `specialties` (`id`)
) ENGINE=InnoDB AUTO_INCREMENT=312 DEFAULT CHARSET=utf8mb4 COLLATE=utf8mb4_unicode_ci;

/*Data for the table `appointments` */

insert  into `appointments`(`id`,`description`,`specialty_id`,`doctor_id`,`patient_id`,`scheduled_date`,`scheduled_time`,`type`,`created_at`,`updated_at`,`status`) values (2,'Tengo dolor de rodillas',3,2,3,'2021-05-01','15:00:00','Operación','2021-05-01 23:45:06','2021-05-01 23:45:06','Reservada'),(3,'Tengo fiebre',3,2,3,'2021-05-02','09:00:00','Consulta','2021-05-02 15:46:30','2021-05-11 20:49:47','Cancelada'),(6,'tengo dolor de muela',3,2,3,'2021-05-02','14:00:00','Consulta','2021-05-02 17:09:12','2021-05-12 03:23:49','Cancelada'),(7,'descripcion de prueba',3,2,3,'2021-05-02','14:00:00','Consulta','2021-05-02 17:09:18','2021-05-02 17:09:18','Reservada'),(10,'cita de prueba',3,2,11,'2021-05-10','13:00:00','Consulta','2021-05-10 19:37:51','2021-05-10 19:37:51','Reservada'),(11,'tengo dolor de cabeza, fiebre y malestar al cuerpo',1,2,14,'2021-05-27','09:30:00','Examen','2021-05-13 13:36:42','2021-05-13 14:29:43','Confirmada'),(12,'Et sed tenetur sit corrupti animi ullam distinctio aut.',2,62,47,'2020-08-15','01:36:50','Consulta','2021-05-14 12:52:34','2021-05-14 12:52:34','Cancelada'),(13,'Neque neque aut eius dolorum facere.',1,58,12,'2021-02-08','20:10:17','Consulta','2021-05-14 12:52:34','2021-05-14 12:52:34','Cancelada'),(14,'Aut ipsum expedita optio consequatur ut sunt voluptatem.',3,54,23,'2020-08-15','23:41:53','Consulta','2021-05-14 12:52:34','2021-05-14 12:52:34','Atendida'),(15,'Autem est nostrum dolores unde et non sint.',3,59,13,'2021-01-11','08:03:11','Consulta','2021-05-14 12:52:34','2021-05-14 12:52:34','Cancelada'),(16,'Hic facere optio saepe aspernatur enim est.',1,54,28,'2020-10-03','17:44:21','Operacion','2021-05-14 12:52:35','2021-05-14 12:52:35','Atendida'),(17,'Et ratione commodi quos non voluptatem vero vel dicta voluptatem.',3,57,52,'2021-02-10','05:20:31','Consulta','2021-05-14 12:52:35','2021-05-14 12:52:35','Atendida'),(18,'Eum voluptatem molestias voluptatem illum animi.',1,59,18,'2020-08-24','19:36:39','Examen','2021-05-14 12:52:35','2021-05-14 12:52:35','Atendida'),(19,'Sed amet dolores non molestiae.',2,56,29,'2021-03-14','02:56:05','Operacion','2021-05-14 12:52:35','2021-05-14 12:52:35','Atendida'),(20,'Est mollitia autem veniam voluptatem praesentium dolores.',3,55,35,'2020-12-09','05:58:41','Consulta','2021-05-14 12:52:35','2021-05-14 12:52:35','Atendida'),(21,'Autem est beatae enim non itaque dolores voluptatibus.',2,57,51,'2020-09-17','01:56:52','Examen','2021-05-14 12:52:35','2021-05-14 12:52:35','Atendida'),(22,'Libero accusantium dicta dolore quasi.',1,59,18,'2020-10-13','17:03:57','Operacion','2021-05-14 12:52:35','2021-05-14 12:52:35','Cancelada'),(23,'Provident aliquam ut ducimus atque eos.',1,55,32,'2020-05-19','18:32:26','Operacion','2021-05-14 12:52:35','2021-05-14 12:52:35','Atendida'),(24,'Ex velit non sint dolor dolorem assumenda.',2,2,38,'2020-11-17','21:19:39','Consulta','2021-05-14 12:52:35','2021-05-14 12:52:35','Cancelada'),(25,'Et et autem recusandae eius ad esse.',3,55,49,'2021-02-01','07:58:04','Operacion','2021-05-14 12:52:35','2021-05-14 12:52:35','Atendida'),(26,'Harum consequatur fugit dolor quis.',2,55,29,'2021-01-29','20:30:51','Operacion','2021-05-14 12:52:35','2021-05-14 12:52:35','Atendida'),(27,'Debitis ratione ut vel blanditiis dolor.',1,58,23,'2021-03-25','01:55:41','Consulta','2021-05-14 12:52:35','2021-05-14 12:52:35','Cancelada'),(28,'Dolor nihil qui culpa est vitae numquam.',1,54,36,'2021-01-07','23:03:37','Consulta','2021-05-14 12:52:35','2021-05-14 12:52:35','Atendida'),(29,'Optio et provident consequatur est odio.',1,2,51,'2020-08-02','01:26:15','Consulta','2021-05-14 12:52:35','2021-05-14 12:52:35','Cancelada'),(30,'Eaque recusandae ut aut illum temporibus ut illum sapiente.',2,60,23,'2021-02-01','12:21:12','Operacion','2021-05-14 12:52:35','2021-05-14 12:52:35','Cancelada'),(31,'Maiores omnis quibusdam qui commodi fugiat at velit facilis.',2,55,47,'2020-11-13','20:22:19','Operacion','2021-05-14 12:52:35','2021-05-14 12:52:35','Atendida'),(32,'Quia nemo ea quia ab occaecati.',3,56,11,'2021-01-15','04:07:51','Examen','2021-05-14 12:52:35','2021-05-14 12:52:35','Atendida'),(33,'Aut atque odit quis cumque quaerat tempore ratione.',1,59,22,'2020-08-12','18:22:07','Consulta','2021-05-14 12:52:35','2021-05-14 12:52:35','Cancelada'),(34,'Tempora consequatur et facere harum consequatur.',3,62,40,'2020-12-04','18:35:19','Consulta','2021-05-14 12:52:35','2021-05-14 12:52:35','Cancelada'),(35,'Consequatur maxime vel consectetur animi et hic dolor qui voluptas.',1,59,18,'2021-03-15','06:45:14','Examen','2021-05-14 12:52:35','2021-05-14 12:52:35','Cancelada'),(36,'Accusantium molestiae magni omnis et labore rerum qui officiis quidem.',1,2,17,'2021-03-20','15:27:56','Operacion','2021-05-14 12:52:35','2021-05-14 12:52:35','Atendida'),(37,'Eum exercitationem itaque ad tempora veniam.',1,62,41,'2020-12-21','06:58:42','Consulta','2021-05-14 12:52:35','2021-05-14 12:52:35','Cancelada'),(38,'Voluptate nemo animi quia laboriosam veritatis enim numquam voluptatibus.',1,57,24,'2020-07-26','13:00:29','Consulta','2021-05-14 12:52:35','2021-05-14 12:52:35','Atendida'),(39,'Repudiandae doloribus commodi veritatis dolor neque.',3,58,43,'2020-06-15','22:46:39','Consulta','2021-05-14 12:52:35','2021-05-14 12:52:35','Cancelada'),(40,'Rerum magni ea iusto et veritatis velit autem aut eligendi.',1,60,21,'2020-09-08','09:13:04','Consulta','2021-05-14 12:52:35','2021-05-14 12:52:35','Atendida'),(41,'Aut optio ut fugit eaque ipsum ipsam consectetur dolore laboriosam.',3,58,39,'2020-06-22','09:20:27','Examen','2021-05-14 12:52:35','2021-05-14 12:52:35','Atendida'),(42,'Quo ullam modi eveniet aut deleniti aspernatur ea beatae dolor.',3,59,32,'2021-04-01','22:43:25','Consulta','2021-05-14 12:52:35','2021-05-14 12:52:35','Atendida'),(43,'Ipsum officiis nihil et facere non repellat.',1,54,49,'2021-01-09','23:41:51','Operacion','2021-05-14 12:52:35','2021-05-14 12:52:35','Cancelada'),(44,'Repudiandae eos tempora illo rerum alias.',3,60,50,'2021-01-24','22:09:53','Consulta','2021-05-14 12:52:35','2021-05-14 12:52:35','Cancelada'),(45,'Id earum nihil eos quia.',1,62,38,'2020-10-13','23:54:36','Consulta','2021-05-14 12:52:35','2021-05-14 12:52:35','Atendida'),(46,'Sequi voluptatem error molestias ducimus.',2,60,5,'2020-10-09','17:23:52','Consulta','2021-05-14 12:52:35','2021-05-14 12:52:35','Cancelada'),(47,'Sed rerum rem eaque corrupti ratione est rerum accusantium.',1,62,26,'2021-01-23','09:20:12','Examen','2021-05-14 12:52:35','2021-05-14 12:52:35','Atendida'),(48,'Quae ex laboriosam illum laborum mollitia numquam iure.',2,58,35,'2021-01-04','05:00:13','Consulta','2021-05-14 12:52:35','2021-05-14 12:52:35','Cancelada'),(49,'Aut laboriosam ut eius inventore voluptatem natus.',2,54,50,'2020-12-09','03:10:57','Operacion','2021-05-14 12:52:35','2021-05-14 12:52:35','Cancelada'),(50,'Repudiandae id quos ipsum nostrum nobis ut rerum deserunt.',1,61,45,'2020-10-15','08:14:02','Consulta','2021-05-14 12:52:36','2021-05-14 12:52:36','Cancelada'),(51,'Quae minus rem ducimus in magnam et.',2,54,42,'2020-12-13','14:19:21','Examen','2021-05-14 12:52:36','2021-05-14 12:52:36','Atendida'),(52,'Voluptatem ipsum dolores sunt beatae praesentium.',3,61,22,'2021-03-21','07:47:22','Examen','2021-05-14 12:52:36','2021-05-14 12:52:36','Cancelada'),(53,'Rem ut officia architecto exercitationem ipsa est quidem.',1,61,11,'2021-01-30','12:14:34','Consulta','2021-05-14 12:52:36','2021-05-14 12:52:36','Atendida'),(54,'Molestias vel eius exercitationem dignissimos.',3,56,33,'2020-09-24','14:34:15','Consulta','2021-05-14 12:52:36','2021-05-14 12:52:36','Atendida'),(55,'Eveniet quo omnis porro fugiat quam.',3,62,38,'2021-04-06','12:31:43','Operacion','2021-05-14 12:52:36','2021-05-14 12:52:36','Atendida'),(56,'Aut quas eligendi ut odit veniam eligendi error non necessitatibus.',1,54,43,'2020-07-23','05:25:17','Operacion','2021-05-14 12:52:36','2021-05-14 12:52:36','Cancelada'),(57,'Non provident earum qui sed vero excepturi sunt minima nemo.',3,59,42,'2020-09-23','11:56:29','Consulta','2021-05-14 12:52:36','2021-05-14 12:52:36','Cancelada'),(58,'Consequatur aliquid et qui et.',2,54,17,'2021-03-21','18:59:03','Consulta','2021-05-14 12:52:36','2021-05-14 12:52:36','Cancelada'),(59,'Sit quis facilis sit omnis consequatur ea.',3,2,18,'2020-10-25','00:10:45','Examen','2021-05-14 12:52:36','2021-05-14 12:52:36','Atendida'),(60,'Ratione animi quo temporibus inventore cumque.',1,60,35,'2021-02-20','03:28:49','Consulta','2021-05-14 12:52:36','2021-05-14 12:52:36','Cancelada'),(61,'Ipsa iure enim et mollitia ut consequatur.',2,57,34,'2020-05-21','11:27:31','Operacion','2021-05-14 12:52:36','2021-05-14 12:52:36','Atendida'),(62,'Sed numquam totam rem voluptas voluptatibus.',1,58,26,'2021-05-12','07:13:01','Operacion','2021-05-14 12:52:36','2021-05-14 12:52:36','Cancelada'),(63,'Quis amet numquam dignissimos tempore in rerum dicta corporis.',3,60,16,'2020-10-11','16:27:39','Operacion','2021-05-14 12:52:36','2021-05-14 12:52:36','Cancelada'),(64,'Accusantium corrupti sed doloribus voluptatem et cum mollitia rerum dignissimos.',2,58,16,'2020-08-23','11:00:10','Consulta','2021-05-14 12:52:36','2021-05-14 12:52:36','Atendida'),(65,'Est et necessitatibus est delectus eligendi totam doloremque.',3,62,28,'2020-09-23','03:49:39','Examen','2021-05-14 12:52:36','2021-05-14 12:52:36','Atendida'),(66,'Voluptatum ipsam cumque explicabo iste adipisci aspernatur.',3,62,36,'2020-07-03','17:56:35','Consulta','2021-05-14 12:52:36','2021-05-14 12:52:36','Cancelada'),(67,'Reprehenderit magnam dolores ea ipsum.',3,61,32,'2020-06-23','12:36:11','Consulta','2021-05-14 12:52:36','2021-05-14 12:52:36','Cancelada'),(68,'Fugit ipsam sit eos accusamus veniam eum tempore aut.',1,2,51,'2020-11-04','21:29:13','Consulta','2021-05-14 12:52:36','2021-05-14 12:52:36','Cancelada'),(69,'Exercitationem rerum voluptatum vel enim fugit optio.',1,54,22,'2020-07-25','06:35:41','Examen','2021-05-14 12:52:36','2021-05-14 12:52:36','Atendida'),(70,'Distinctio quam dolor similique dolores.',2,54,47,'2020-08-18','22:20:35','Operacion','2021-05-14 12:52:36','2021-05-14 12:52:36','Atendida'),(71,'Qui iste cupiditate nihil sint rerum eaque corporis quia.',2,61,13,'2020-05-23','07:10:25','Operacion','2021-05-14 12:52:36','2021-05-14 12:52:36','Cancelada'),(72,'Dolorum perspiciatis qui odit dolor illum aut officia totam non.',2,62,20,'2021-05-02','02:42:46','Operacion','2021-05-14 12:52:36','2021-05-14 12:52:36','Atendida'),(73,'Dolor voluptatibus vero consequuntur aut.',3,54,20,'2021-01-14','21:54:58','Examen','2021-05-14 12:52:36','2021-05-14 12:52:36','Cancelada'),(74,'Necessitatibus incidunt autem nihil nihil ut voluptas non.',1,58,33,'2020-11-03','22:43:23','Examen','2021-05-14 12:52:36','2021-05-14 12:52:36','Cancelada'),(75,'Quasi ipsa sed dolores numquam odit suscipit.',2,60,29,'2021-03-29','03:08:12','Operacion','2021-05-14 12:52:36','2021-05-14 12:52:36','Atendida'),(76,'Consequuntur non voluptatem expedita magni impedit dignissimos enim.',1,62,4,'2020-05-16','04:24:59','Examen','2021-05-14 12:52:36','2021-05-14 12:52:36','Atendida'),(77,'Et nulla natus quis esse ullam dolorem.',1,54,24,'2021-04-02','02:28:55','Consulta','2021-05-14 12:52:36','2021-05-14 12:52:36','Cancelada'),(78,'Totam natus consequatur quis et ratione.',3,2,28,'2020-06-15','17:50:27','Examen','2021-05-14 12:52:36','2021-05-14 12:52:36','Cancelada'),(79,'Repudiandae accusantium doloribus quos reprehenderit tempore.',3,62,29,'2020-11-19','00:21:42','Operacion','2021-05-14 12:52:36','2021-05-14 12:52:36','Atendida'),(80,'Sed sunt commodi laboriosam error.',2,2,4,'2021-04-24','19:04:47','Operacion','2021-05-14 12:52:36','2021-05-14 12:52:36','Cancelada'),(81,'Vitae cupiditate sed animi distinctio placeat quis.',3,62,24,'2020-09-22','23:21:20','Consulta','2021-05-14 12:52:36','2021-05-14 12:52:36','Atendida'),(82,'Sit ducimus labore alias nihil omnis voluptatem numquam eos.',2,57,27,'2020-09-13','12:27:53','Consulta','2021-05-14 12:52:36','2021-05-14 12:52:36','Cancelada'),(83,'Eum quibusdam quia quae et molestiae nesciunt officiis quos quia.',1,58,38,'2020-11-22','19:02:19','Examen','2021-05-14 12:52:36','2021-05-14 12:52:36','Cancelada'),(84,'Exercitationem est iste laudantium adipisci neque.',1,62,40,'2021-01-05','02:56:07','Examen','2021-05-14 12:52:36','2021-05-14 12:52:36','Atendida'),(85,'Ipsum ea suscipit voluptatem eos aut labore laboriosam adipisci.',1,2,7,'2021-03-23','13:32:19','Operacion','2021-05-14 12:52:36','2021-05-14 12:52:36','Atendida'),(86,'Eligendi fugit tenetur possimus quas aliquid.',1,58,18,'2020-06-18','08:24:46','Operacion','2021-05-14 12:52:36','2021-05-14 12:52:36','Cancelada'),(87,'Aliquid soluta neque fuga illo aliquam modi consequuntur non.',2,55,25,'2021-01-24','21:45:58','Consulta','2021-05-14 12:52:36','2021-05-14 12:52:36','Atendida'),(88,'Porro eaque exercitationem ut facilis ut temporibus quae impedit.',3,55,17,'2021-05-01','11:54:57','Operacion','2021-05-14 12:52:36','2021-05-14 12:52:36','Cancelada'),(89,'Omnis enim recusandae facere nam porro ut recusandae beatae.',1,56,8,'2020-08-14','10:29:05','Operacion','2021-05-14 12:52:36','2021-05-14 12:52:36','Cancelada'),(90,'Aut et est consequatur quis amet a sit itaque.',2,61,8,'2021-04-10','14:25:08','Consulta','2021-05-14 12:52:36','2021-05-14 12:52:36','Atendida'),(91,'Rerum voluptatem impedit et beatae qui.',3,54,9,'2021-01-13','23:13:41','Consulta','2021-05-14 12:52:36','2021-05-14 12:52:36','Atendida'),(92,'Cum reiciendis voluptatem eaque non corporis ipsa eaque veritatis.',2,54,10,'2021-02-13','19:15:06','Consulta','2021-05-14 12:52:36','2021-05-14 12:52:36','Cancelada'),(93,'Id minus laborum repellendus sint blanditiis.',3,61,46,'2020-08-02','12:56:16','Examen','2021-05-14 12:52:36','2021-05-14 12:52:36','Atendida'),(94,'Optio harum aut est sequi omnis cumque mollitia et.',1,2,7,'2020-12-20','17:28:25','Examen','2021-05-14 12:52:36','2021-05-14 12:52:36','Atendida'),(95,'Atque numquam consequuntur sequi deleniti mollitia in quasi dignissimos.',1,58,42,'2020-08-20','23:14:21','Examen','2021-05-14 12:52:37','2021-05-14 12:52:37','Atendida'),(96,'Natus quisquam consequatur ut unde magni doloribus ut.',3,56,10,'2020-08-04','09:31:53','Examen','2021-05-14 12:52:37','2021-05-14 12:52:37','Cancelada'),(97,'Fugit sunt est consequatur quasi rerum voluptatem debitis.',1,2,40,'2021-03-19','09:59:41','Consulta','2021-05-14 12:52:37','2021-05-14 12:52:37','Cancelada'),(98,'Est qui est voluptatibus tempore tenetur et dolor est non.',1,57,40,'2020-06-27','17:24:24','Examen','2021-05-14 12:52:37','2021-05-14 12:52:37','Cancelada'),(99,'Libero omnis eos veritatis et velit odio molestias unde.',3,59,27,'2020-06-26','06:06:55','Operacion','2021-05-14 12:52:37','2021-05-14 12:52:37','Cancelada'),(100,'Sed illum facere cumque doloribus quo eos aut ut dicta.',2,59,7,'2021-02-16','00:32:49','Consulta','2021-05-14 12:52:37','2021-05-14 12:52:37','Cancelada'),(101,'Vero ad error aut assumenda.',3,56,48,'2020-11-21','09:48:57','Examen','2021-05-14 12:52:37','2021-05-14 12:52:37','Cancelada'),(102,'Corrupti rerum commodi modi sit.',1,56,16,'2021-01-07','07:47:35','Examen','2021-05-14 12:52:37','2021-05-14 12:52:37','Cancelada'),(103,'Dolores reprehenderit dolor voluptatem enim facere necessitatibus.',2,57,31,'2020-07-23','17:53:20','Consulta','2021-05-14 12:52:37','2021-05-14 12:52:37','Atendida'),(104,'Laboriosam cupiditate error ducimus cupiditate eligendi rerum.',3,56,53,'2020-08-05','02:27:02','Examen','2021-05-14 12:52:37','2021-05-14 12:52:37','Atendida'),(105,'Perferendis reiciendis amet laborum vero et quo.',2,57,24,'2020-09-13','22:44:41','Consulta','2021-05-14 12:52:37','2021-05-14 12:52:37','Atendida'),(106,'Consectetur quia enim ut libero nesciunt ipsum quia dolor rerum.',3,58,43,'2021-01-05','15:15:23','Consulta','2021-05-14 12:52:37','2021-05-14 12:52:37','Cancelada'),(107,'Vel enim vel blanditiis sit repellat repudiandae sit.',3,2,28,'2020-10-13','02:51:50','Consulta','2021-05-14 12:52:37','2021-05-14 12:52:37','Atendida'),(108,'Quo harum dolores porro delectus.',2,61,15,'2020-10-16','14:39:29','Examen','2021-05-14 12:52:37','2021-05-14 12:52:37','Atendida'),(109,'Magnam rerum vel autem qui aut.',2,54,33,'2021-03-04','17:04:30','Consulta','2021-05-14 12:52:37','2021-05-14 12:52:37','Cancelada'),(110,'Vel quaerat nostrum nihil quidem perspiciatis.',1,61,46,'2020-11-01','20:04:56','Examen','2021-05-14 12:52:37','2021-05-14 12:52:37','Cancelada'),(111,'Accusamus harum vero est voluptatem labore in sunt similique.',1,58,45,'2020-07-04','11:29:59','Examen','2021-05-14 12:52:37','2021-05-14 12:52:37','Cancelada'),(112,'Qui in facere asperiores qui tempore voluptatum quia autem.',3,57,18,'2020-05-26','04:48:22','Consulta','2021-05-14 12:52:37','2021-05-14 12:52:37','Atendida'),(113,'Sint sunt repellat enim autem sequi officia deleniti.',3,61,44,'2020-12-31','06:35:52','Operacion','2021-05-14 12:52:37','2021-05-14 12:52:37','Cancelada'),(114,'Dolores dolor eveniet delectus qui provident.',1,62,48,'2020-11-28','01:58:20','Examen','2021-05-14 12:52:37','2021-05-14 12:52:37','Cancelada'),(115,'Dolorum aperiam vel molestiae architecto id ducimus.',3,57,5,'2020-06-29','06:41:13','Consulta','2021-05-14 12:52:37','2021-05-14 12:52:37','Cancelada'),(116,'Labore deserunt et dignissimos laborum corporis eos ex dicta.',3,62,28,'2020-11-21','15:11:29','Consulta','2021-05-14 12:52:37','2021-05-14 12:52:37','Cancelada'),(117,'Nemo vitae velit debitis odio explicabo fugit sequi.',3,2,49,'2020-08-15','08:20:32','Consulta','2021-05-14 12:52:37','2021-05-14 12:52:37','Cancelada'),(118,'Qui et explicabo consectetur vel nemo delectus.',1,55,9,'2021-03-17','09:06:35','Examen','2021-05-14 12:52:37','2021-05-14 12:52:37','Atendida'),(119,'Omnis quasi sed rerum sint.',3,61,5,'2021-02-13','09:59:46','Operacion','2021-05-14 12:52:37','2021-05-14 12:52:37','Atendida'),(120,'Laborum ratione animi minima voluptate.',3,58,41,'2021-02-22','07:02:07','Examen','2021-05-14 12:52:37','2021-05-14 12:52:37','Cancelada'),(121,'Voluptatem dolor est sunt ea numquam nihil.',1,62,33,'2020-07-29','17:08:44','Examen','2021-05-14 12:52:37','2021-05-14 12:52:37','Cancelada'),(122,'Beatae ab accusantium autem labore quo iure et voluptas.',3,60,8,'2020-07-20','21:09:09','Examen','2021-05-14 12:52:37','2021-05-14 12:52:37','Cancelada'),(123,'Cupiditate quasi ea ut iusto ipsam.',2,59,40,'2021-01-19','03:33:53','Examen','2021-05-14 12:52:37','2021-05-14 12:52:37','Cancelada'),(124,'Animi deserunt suscipit cum sapiente.',2,59,53,'2020-12-20','18:56:38','Consulta','2021-05-14 12:52:37','2021-05-14 12:52:37','Cancelada'),(125,'Animi qui nihil dolor pariatur.',1,61,28,'2021-01-24','12:35:20','Operacion','2021-05-14 12:52:37','2021-05-14 12:52:37','Atendida'),(126,'Nam ut magnam debitis et.',1,54,22,'2020-06-25','21:32:03','Examen','2021-05-14 12:52:37','2021-05-14 12:52:37','Atendida'),(127,'Placeat pariatur consequatur at quisquam odit fugiat doloremque.',1,57,23,'2020-11-17','15:04:50','Consulta','2021-05-14 12:52:37','2021-05-14 12:52:37','Atendida'),(128,'Facere at laudantium ducimus maiores minus quia mollitia.',3,58,29,'2021-03-22','18:05:30','Consulta','2021-05-14 12:52:37','2021-05-14 12:52:37','Cancelada'),(129,'Iusto aut molestiae velit beatae laborum iste saepe sit tempora.',2,61,29,'2021-02-26','07:05:09','Examen','2021-05-14 12:52:37','2021-05-14 12:52:37','Cancelada'),(130,'Doloribus doloremque magnam non corporis voluptas praesentium excepturi.',2,2,9,'2021-02-18','21:42:07','Examen','2021-05-14 12:52:37','2021-05-14 12:52:37','Cancelada'),(131,'Et ex tempora aliquam facere quos repellat inventore.',1,57,13,'2020-07-30','07:22:54','Consulta','2021-05-14 12:52:37','2021-05-14 12:52:37','Cancelada'),(132,'Illo commodi repellat officiis ipsum assumenda ea vel minus.',1,60,9,'2021-02-13','17:42:19','Operacion','2021-05-14 12:52:37','2021-05-14 12:52:37','Cancelada'),(133,'Veniam voluptate incidunt natus maxime odit est reprehenderit voluptatem.',2,2,48,'2020-11-19','11:22:09','Consulta','2021-05-14 12:52:37','2021-05-14 12:52:37','Cancelada'),(134,'Quaerat accusamus beatae rerum totam est aliquam.',1,2,7,'2020-05-31','21:45:11','Operacion','2021-05-14 12:52:37','2021-05-14 12:52:37','Cancelada'),(135,'Dolore quo ullam sit odio.',2,60,5,'2021-04-24','05:04:07','Operacion','2021-05-14 12:52:37','2021-05-14 12:52:37','Cancelada'),(136,'Animi suscipit sunt eius ut voluptates blanditiis.',3,55,4,'2020-09-27','10:37:43','Consulta','2021-05-14 12:52:37','2021-05-14 12:52:37','Atendida'),(137,'Quasi repellat repellendus qui dicta enim laboriosam.',1,54,51,'2021-05-06','04:50:29','Operacion','2021-05-14 12:52:38','2021-05-14 12:52:38','Cancelada'),(138,'Quia vitae corrupti a aut.',3,61,35,'2020-06-30','13:44:13','Consulta','2021-05-14 12:52:38','2021-05-14 12:52:38','Cancelada'),(139,'Magnam pariatur aut excepturi ea tempore.',3,56,47,'2020-10-17','03:56:12','Consulta','2021-05-14 12:52:38','2021-05-14 12:52:38','Cancelada'),(140,'Quo placeat esse incidunt similique qui recusandae.',1,59,47,'2020-07-19','01:28:01','Operacion','2021-05-14 12:52:38','2021-05-14 12:52:38','Cancelada'),(141,'Debitis sunt et consequuntur voluptas consequatur et voluptatem accusamus.',1,61,48,'2020-09-26','21:25:40','Consulta','2021-05-14 12:52:38','2021-05-14 12:52:38','Cancelada'),(142,'Corrupti voluptatem et magni dolorem.',1,56,39,'2021-04-24','04:09:06','Consulta','2021-05-14 12:52:38','2021-05-14 12:52:38','Cancelada'),(143,'Libero voluptatem laudantium qui tenetur quia qui consequuntur ducimus ut.',3,59,34,'2020-06-29','11:40:30','Operacion','2021-05-14 12:52:38','2021-05-14 12:52:38','Cancelada'),(144,'Sint et cum provident ducimus qui rerum omnis.',1,57,27,'2020-08-25','18:31:59','Consulta','2021-05-14 12:52:38','2021-05-14 12:52:38','Cancelada'),(145,'A sit aut commodi facilis harum.',3,2,3,'2020-12-15','09:47:59','Examen','2021-05-14 12:52:38','2021-05-14 12:52:38','Atendida'),(146,'Qui et vel neque et vero saepe unde.',2,55,21,'2020-06-11','21:58:41','Consulta','2021-05-14 12:52:38','2021-05-14 12:52:38','Cancelada'),(147,'Aut autem autem dolores cum error dolores expedita.',1,60,20,'2020-07-24','03:27:23','Examen','2021-05-14 12:52:38','2021-05-14 12:52:38','Atendida'),(148,'Sed numquam itaque voluptas consequatur voluptas.',3,54,28,'2020-06-14','10:41:24','Operacion','2021-05-14 12:52:38','2021-05-14 12:52:38','Cancelada'),(149,'Aut impedit dolores placeat facilis.',1,59,4,'2021-04-22','07:36:46','Operacion','2021-05-14 12:52:38','2021-05-14 12:52:38','Atendida'),(150,'Autem non minus in eum quia enim nisi.',2,59,18,'2021-03-12','11:33:45','Consulta','2021-05-14 12:52:38','2021-05-14 12:52:38','Atendida'),(151,'Accusantium est qui cum necessitatibus minus ea.',2,62,46,'2020-11-03','20:38:02','Operacion','2021-05-14 12:52:38','2021-05-14 12:52:38','Atendida'),(152,'Esse eum distinctio quasi reiciendis dicta deserunt saepe.',2,61,8,'2021-02-26','07:03:27','Consulta','2021-05-14 12:52:38','2021-05-14 12:52:38','Cancelada'),(153,'Dolorem eos libero et autem possimus quibusdam.',2,61,35,'2020-10-30','02:41:32','Examen','2021-05-14 12:52:38','2021-05-14 12:52:38','Cancelada'),(154,'Qui amet laborum sequi vel non accusantium iusto et.',1,62,16,'2020-12-16','22:29:43','Consulta','2021-05-14 12:52:38','2021-05-14 12:52:38','Cancelada'),(155,'Ut rerum omnis labore non.',3,62,4,'2020-11-02','12:20:25','Consulta','2021-05-14 12:52:38','2021-05-14 12:52:38','Atendida'),(156,'Natus molestiae quo laborum assumenda enim.',1,60,42,'2020-07-17','09:29:04','Examen','2021-05-14 12:52:38','2021-05-14 12:52:38','Cancelada'),(157,'Quasi nisi libero possimus voluptate sed porro aspernatur.',3,58,26,'2021-01-13','12:09:53','Consulta','2021-05-14 12:52:38','2021-05-14 12:52:38','Cancelada'),(158,'Sint adipisci at illum magnam voluptatum omnis consequatur.',1,57,6,'2020-09-09','19:22:08','Examen','2021-05-14 12:52:38','2021-05-14 12:52:38','Atendida'),(159,'Nemo aut doloribus placeat pariatur molestias quia quam similique.',1,56,23,'2021-04-23','22:01:55','Consulta','2021-05-14 12:52:38','2021-05-14 12:52:38','Cancelada'),(160,'Commodi qui id porro aut est.',2,60,31,'2020-10-27','15:24:05','Examen','2021-05-14 12:52:38','2021-05-14 12:52:38','Atendida'),(161,'Totam esse facilis a quidem non.',1,2,52,'2020-09-16','09:04:47','Operacion','2021-05-14 12:52:38','2021-05-14 12:52:38','Cancelada'),(162,'Debitis accusamus et mollitia quia.',3,60,49,'2020-09-04','22:25:11','Examen','2021-05-14 12:52:38','2021-05-14 12:52:38','Cancelada'),(163,'Odio ea modi odio aperiam quae nulla quis odio omnis.',3,60,52,'2020-12-24','10:13:12','Consulta','2021-05-14 12:52:38','2021-05-14 12:52:38','Cancelada'),(164,'Enim amet sed nobis non corporis.',2,57,38,'2020-07-24','03:33:27','Consulta','2021-05-14 12:52:38','2021-05-14 12:52:38','Cancelada'),(165,'Eveniet ullam minus animi culpa dolor amet tenetur rerum culpa.',2,59,37,'2020-09-27','07:22:28','Operacion','2021-05-14 12:52:38','2021-05-14 12:52:38','Atendida'),(166,'Sapiente accusamus odio harum saepe voluptate sapiente commodi eveniet optio.',1,2,53,'2020-09-23','18:06:02','Examen','2021-05-14 12:52:38','2021-05-14 12:52:38','Cancelada'),(167,'Molestiae exercitationem vitae odio numquam.',2,2,51,'2020-10-22','22:57:23','Consulta','2021-05-14 12:52:38','2021-05-14 12:52:38','Atendida'),(168,'Cupiditate enim aut cum debitis a voluptatum quas dolorum.',3,57,28,'2021-05-13','05:29:48','Examen','2021-05-14 12:52:38','2021-05-14 12:52:38','Atendida'),(169,'Ratione tempora blanditiis odit ratione eligendi.',3,60,8,'2020-09-14','05:05:29','Operacion','2021-05-14 12:52:38','2021-05-14 12:52:38','Cancelada'),(170,'Sit explicabo sed aut dolorem recusandae officiis.',2,60,25,'2020-10-07','14:14:06','Examen','2021-05-14 12:52:38','2021-05-14 12:52:38','Cancelada'),(171,'Ipsa aspernatur eveniet accusantium neque et distinctio rerum.',1,59,13,'2020-12-31','07:45:33','Operacion','2021-05-14 12:52:38','2021-05-14 12:52:38','Atendida'),(172,'Quasi libero voluptatem excepturi magni sed veniam.',2,56,50,'2020-06-13','06:20:59','Examen','2021-05-14 12:52:38','2021-05-14 12:52:38','Atendida'),(173,'Voluptates cumque aut est voluptatem.',2,62,22,'2020-11-23','08:30:22','Consulta','2021-05-14 12:52:38','2021-05-14 12:52:38','Atendida'),(174,'Ut quae enim quaerat eveniet ipsa.',2,61,6,'2020-12-21','19:03:23','Operacion','2021-05-14 12:52:38','2021-05-14 12:52:38','Atendida'),(175,'Eveniet veniam assumenda et in dolor ducimus.',1,61,34,'2021-03-04','14:15:50','Operacion','2021-05-14 12:52:38','2021-05-14 12:52:38','Atendida'),(176,'Libero error repudiandae deleniti eaque esse dolores reprehenderit nulla ea.',2,57,44,'2020-07-20','08:20:46','Examen','2021-05-14 12:52:38','2021-05-14 12:52:38','Cancelada'),(177,'Tempore est quae ut quos tenetur soluta et autem.',1,60,52,'2021-02-24','14:29:54','Operacion','2021-05-14 12:52:38','2021-05-14 12:52:38','Atendida'),(178,'Officia et dignissimos qui adipisci minima debitis.',1,60,53,'2020-07-25','15:25:54','Consulta','2021-05-14 12:52:38','2021-05-14 12:52:38','Cancelada'),(179,'Officia beatae numquam veniam cupiditate voluptatibus.',3,61,18,'2021-02-25','06:26:07','Consulta','2021-05-14 12:52:38','2021-05-14 12:52:38','Cancelada'),(180,'Assumenda quaerat ipsam est odio et ea.',3,59,52,'2020-08-20','20:15:32','Operacion','2021-05-14 12:52:38','2021-05-14 12:52:38','Atendida'),(181,'Cum alias at magni incidunt est fugit qui modi.',2,62,6,'2020-08-11','04:42:18','Consulta','2021-05-14 12:52:38','2021-05-14 12:52:38','Atendida'),(182,'Ea excepturi ut dolor laborum repellendus.',1,57,45,'2020-11-08','22:11:32','Operacion','2021-05-14 12:52:39','2021-05-14 12:52:39','Cancelada'),(183,'Aut est quasi itaque esse inventore aliquid.',3,62,40,'2020-11-15','03:52:24','Consulta','2021-05-14 12:52:39','2021-05-14 12:52:39','Atendida'),(184,'Eos quod porro earum doloremque corrupti dolore magni doloremque tenetur.',2,60,42,'2021-01-08','10:43:14','Operacion','2021-05-14 12:52:39','2021-05-14 12:52:39','Atendida'),(185,'Nihil voluptatum eos corrupti dolores libero.',2,58,33,'2020-06-12','13:01:34','Consulta','2021-05-14 12:52:39','2021-05-14 12:52:39','Atendida'),(186,'Qui temporibus rerum officia dolor error eos.',2,2,48,'2020-07-08','09:58:22','Operacion','2021-05-14 12:52:39','2021-05-14 12:52:39','Atendida'),(187,'Voluptatibus alias architecto sequi dolor quia enim debitis.',3,61,35,'2020-09-26','21:55:08','Operacion','2021-05-14 12:52:39','2021-05-14 12:52:39','Atendida'),(188,'Labore molestiae dolorem cum incidunt quos voluptas quia.',3,55,30,'2020-07-31','14:18:10','Examen','2021-05-14 12:52:39','2021-05-14 12:52:39','Cancelada'),(189,'Cupiditate voluptatem dignissimos reprehenderit eum excepturi omnis rerum iure quo.',3,2,17,'2021-02-07','11:35:22','Consulta','2021-05-14 12:52:39','2021-05-14 12:52:39','Atendida'),(190,'Cumque aliquid facere optio velit et exercitationem.',1,60,20,'2020-07-16','09:59:49','Consulta','2021-05-14 12:52:39','2021-05-14 12:52:39','Atendida'),(191,'Adipisci eaque sint accusamus consequatur perferendis dolores repellendus.',3,61,8,'2020-09-25','18:51:25','Operacion','2021-05-14 12:52:39','2021-05-14 12:52:39','Cancelada'),(192,'Minus nihil necessitatibus dolorum dolorum iure molestias.',2,58,45,'2021-02-06','03:27:03','Operacion','2021-05-14 12:52:39','2021-05-14 12:52:39','Atendida'),(193,'Et aut qui quia quibusdam et ducimus nobis vel.',1,61,5,'2020-08-01','01:18:10','Operacion','2021-05-14 12:52:39','2021-05-14 12:52:39','Cancelada'),(194,'Accusamus modi minima magni sit repellendus quo porro.',2,55,15,'2020-06-27','07:13:10','Consulta','2021-05-14 12:52:39','2021-05-14 12:52:39','Atendida'),(195,'Ut debitis accusamus esse porro voluptate odit qui voluptatem.',1,56,7,'2021-01-05','08:13:48','Consulta','2021-05-14 12:52:39','2021-05-14 12:52:39','Atendida'),(196,'Ad vero deleniti non veniam accusamus animi cum ratione dignissimos.',3,59,13,'2021-02-12','17:32:53','Examen','2021-05-14 12:52:39','2021-05-14 12:52:39','Cancelada'),(197,'Quia non occaecati eos voluptate voluptatem dignissimos.',1,56,8,'2021-04-09','06:20:53','Operacion','2021-05-14 12:52:39','2021-05-14 12:52:39','Atendida'),(198,'Est architecto expedita tempora rerum.',2,60,51,'2021-04-12','05:51:33','Operacion','2021-05-14 12:52:39','2021-05-14 12:52:39','Atendida'),(199,'Eos odit deserunt est fugit optio voluptas ut.',3,61,26,'2021-05-09','08:15:43','Examen','2021-05-14 12:52:39','2021-05-14 12:52:39','Atendida'),(200,'Dolores qui rerum adipisci ut ut ut.',3,2,45,'2020-12-20','20:14:27','Examen','2021-05-14 12:52:39','2021-05-14 12:52:39','Cancelada'),(201,'Dolores in placeat veritatis voluptas consequuntur at magni explicabo qui.',3,59,18,'2020-11-26','20:47:53','Examen','2021-05-14 12:52:39','2021-05-14 12:52:39','Cancelada'),(202,'Reprehenderit est inventore placeat earum maxime.',3,55,17,'2021-03-11','10:40:25','Consulta','2021-05-14 12:52:39','2021-05-14 12:52:39','Atendida'),(203,'Ea praesentium atque distinctio accusantium aut soluta consequatur alias.',2,59,14,'2021-04-19','19:22:14','Examen','2021-05-14 12:52:39','2021-05-14 12:52:39','Atendida'),(204,'Voluptatum minima velit et in inventore dolorum esse esse occaecati.',1,54,14,'2020-08-03','18:26:31','Consulta','2021-05-14 12:52:39','2021-05-14 12:52:39','Atendida'),(205,'Dolores possimus maxime voluptatem qui neque commodi.',1,58,20,'2021-02-15','20:50:05','Operacion','2021-05-14 12:52:39','2021-05-14 12:52:39','Cancelada'),(206,'Omnis ea debitis voluptas culpa saepe.',1,54,38,'2021-01-10','10:16:19','Examen','2021-05-14 12:52:39','2021-05-14 12:52:39','Cancelada'),(207,'Quaerat est occaecati exercitationem cumque aut.',3,54,48,'2020-07-25','04:39:52','Operacion','2021-05-14 12:52:39','2021-05-14 12:52:39','Cancelada'),(208,'Accusantium ullam at et aperiam tempora rerum veritatis corporis molestiae.',2,59,31,'2020-09-17','07:45:25','Consulta','2021-05-14 12:52:39','2021-05-14 12:52:39','Cancelada'),(209,'Dignissimos reprehenderit ea deserunt sed voluptatum veritatis explicabo hic.',1,62,4,'2020-12-26','20:32:42','Consulta','2021-05-14 12:52:39','2021-05-14 12:52:39','Atendida'),(210,'Dolorem et nam quibusdam molestiae.',1,2,51,'2020-09-05','08:07:14','Consulta','2021-05-14 12:52:39','2021-05-14 12:52:39','Atendida'),(211,'Soluta autem quia quis ad.',1,61,48,'2020-12-27','07:36:52','Examen','2021-05-14 12:52:39','2021-05-14 12:52:39','Cancelada'),(212,'Alias perspiciatis illum officiis praesentium aut deleniti fuga.',2,57,6,'2020-11-06','12:06:33','Operacion','2021-05-14 12:52:39','2021-05-14 12:52:39','Atendida'),(213,'Laborum odio itaque qui id.',3,61,41,'2021-03-31','10:32:53','Examen','2021-05-14 12:52:39','2021-05-14 12:52:39','Atendida'),(214,'Molestiae vero fugit corrupti ad consequatur.',1,57,40,'2020-08-24','02:19:06','Operacion','2021-05-14 12:52:39','2021-05-14 12:52:39','Atendida'),(215,'Et voluptatem accusantium nesciunt deleniti a vitae.',1,55,31,'2021-03-05','03:02:35','Examen','2021-05-14 12:52:39','2021-05-14 12:52:39','Atendida'),(216,'Sapiente minus suscipit nihil aspernatur assumenda.',2,54,6,'2021-03-25','00:05:21','Operacion','2021-05-14 12:52:39','2021-05-14 12:52:39','Cancelada'),(217,'Ab sapiente nisi et et ipsam.',2,54,53,'2020-07-07','20:02:24','Examen','2021-05-14 12:52:39','2021-05-14 12:52:39','Cancelada'),(218,'Recusandae dolores quia quasi et.',1,54,12,'2020-05-24','15:21:04','Examen','2021-05-14 12:52:39','2021-05-14 12:52:39','Atendida'),(219,'Natus inventore earum excepturi iste ipsam fugiat omnis perferendis aut.',3,54,24,'2021-03-12','00:54:27','Operacion','2021-05-14 12:52:39','2021-05-14 12:52:39','Atendida'),(220,'Quia similique rerum molestiae iure delectus omnis repellendus.',1,61,39,'2020-06-01','05:05:10','Operacion','2021-05-14 12:52:39','2021-05-14 12:52:39','Cancelada'),(221,'Qui ea officiis porro rerum et dicta reprehenderit incidunt.',1,59,44,'2021-02-03','17:51:44','Examen','2021-05-14 12:52:40','2021-05-14 12:52:40','Cancelada'),(222,'Magni hic non quibusdam et voluptatibus eligendi nostrum at et.',1,59,30,'2020-10-03','01:33:38','Consulta','2021-05-14 12:52:40','2021-05-14 12:52:40','Cancelada'),(223,'Occaecati est deleniti sunt porro ab voluptatem sunt dolore.',2,55,3,'2021-02-07','05:41:24','Operacion','2021-05-14 12:52:40','2021-05-14 12:52:40','Cancelada'),(224,'Voluptatibus temporibus non deserunt consectetur reprehenderit est veritatis.',2,62,40,'2021-03-20','13:15:50','Consulta','2021-05-14 12:52:40','2021-05-14 12:52:40','Atendida'),(225,'Blanditiis reprehenderit qui corporis enim nisi qui dolorem doloremque.',3,62,36,'2021-04-05','02:05:58','Consulta','2021-05-14 12:52:40','2021-05-14 12:52:40','Atendida'),(226,'Repellendus soluta natus sint et perferendis adipisci vel.',1,55,44,'2020-09-11','22:34:28','Operacion','2021-05-14 12:52:40','2021-05-14 12:52:40','Cancelada'),(227,'Voluptatem eveniet et vero nobis sapiente quas consequatur.',1,56,13,'2020-08-02','03:58:26','Consulta','2021-05-14 12:52:40','2021-05-14 12:52:40','Cancelada'),(228,'Sapiente et aut minus cupiditate sit et.',3,56,23,'2021-01-31','09:58:03','Operacion','2021-05-14 12:52:40','2021-05-14 12:52:40','Atendida'),(229,'Dolores nihil sed maxime est.',2,62,32,'2021-02-11','06:59:44','Examen','2021-05-14 12:52:40','2021-05-14 12:52:40','Atendida'),(230,'Repudiandae eum quia nemo saepe porro qui consectetur.',1,54,28,'2020-07-02','03:36:04','Examen','2021-05-14 12:52:40','2021-05-14 12:52:40','Cancelada'),(231,'Perferendis et placeat quo nemo repellendus eum et.',3,2,25,'2020-06-16','08:31:54','Consulta','2021-05-14 12:52:40','2021-05-14 12:52:40','Atendida'),(232,'Sed optio quae qui eos accusantium officia harum cupiditate.',2,56,46,'2021-03-30','07:00:16','Consulta','2021-05-14 12:52:40','2021-05-14 12:52:40','Atendida'),(233,'Dolores natus suscipit quo eum sit provident laudantium dolores.',1,54,42,'2021-01-02','16:52:54','Examen','2021-05-14 12:52:40','2021-05-14 12:52:40','Atendida'),(234,'Enim molestiae sequi eos blanditiis porro temporibus praesentium.',2,61,48,'2020-10-02','02:30:45','Consulta','2021-05-14 12:52:40','2021-05-14 12:52:40','Cancelada'),(235,'Dolorem soluta nobis aut quia sunt.',1,54,37,'2020-10-15','22:23:02','Consulta','2021-05-14 12:52:40','2021-05-14 12:52:40','Cancelada'),(236,'Quisquam explicabo omnis mollitia in suscipit.',3,54,52,'2020-12-28','17:12:28','Consulta','2021-05-14 12:52:40','2021-05-14 12:52:40','Cancelada'),(237,'Quae quae officiis laudantium quae pariatur ab cum nulla.',1,55,51,'2020-09-27','08:33:26','Examen','2021-05-14 12:52:40','2021-05-14 12:52:40','Atendida'),(238,'Eveniet sit in reprehenderit veritatis dolor qui.',2,58,20,'2021-03-04','00:35:07','Examen','2021-05-14 12:52:40','2021-05-14 12:52:40','Cancelada'),(239,'Quia nam illo dolores rerum amet velit dolores officiis recusandae.',3,55,15,'2020-11-28','13:28:34','Operacion','2021-05-14 12:52:40','2021-05-14 12:52:40','Cancelada'),(240,'Perspiciatis rerum ullam voluptate architecto illum laudantium quia accusantium rerum.',2,57,23,'2020-10-21','07:36:37','Operacion','2021-05-14 12:52:40','2021-05-14 12:52:40','Atendida'),(241,'Vero quisquam nesciunt quisquam facere optio tenetur.',2,57,36,'2021-05-03','13:07:53','Examen','2021-05-14 12:52:40','2021-05-14 12:52:40','Atendida'),(242,'Fugit sit cumque rerum consequuntur sint aut et cupiditate.',2,57,35,'2021-01-09','18:32:06','Consulta','2021-05-14 12:52:40','2021-05-14 12:52:40','Cancelada'),(243,'Vel alias at totam eveniet ut eius.',2,61,44,'2020-08-10','23:50:31','Operacion','2021-05-14 12:52:40','2021-05-14 12:52:40','Cancelada'),(244,'Mollitia aperiam vitae explicabo hic quo error neque rerum.',3,2,9,'2020-05-25','00:18:23','Consulta','2021-05-14 12:52:40','2021-05-14 12:52:40','Atendida'),(245,'Vel velit quibusdam praesentium enim fugit ex quas qui sed.',2,61,30,'2020-09-04','00:42:42','Examen','2021-05-14 12:52:40','2021-05-14 12:52:40','Atendida'),(246,'Sed sint perferendis corrupti aut repudiandae beatae.',1,56,29,'2020-12-10','02:48:03','Operacion','2021-05-14 12:52:40','2021-05-14 12:52:40','Atendida'),(247,'Repellat voluptatem delectus non animi ea nihil corrupti.',3,62,26,'2021-01-26','04:23:33','Consulta','2021-05-14 12:52:40','2021-05-14 12:52:40','Cancelada'),(248,'Accusamus sit et et eos dolorem corporis libero dolorum eum.',1,55,53,'2020-11-22','01:51:57','Operacion','2021-05-14 12:52:40','2021-05-14 12:52:40','Cancelada'),(249,'Earum sint libero deserunt cupiditate aut vitae facere eius odio.',2,60,18,'2020-12-18','09:09:14','Examen','2021-05-14 12:52:40','2021-05-14 12:52:40','Cancelada'),(250,'Provident quis est incidunt enim ut omnis dignissimos rerum nemo.',2,57,47,'2021-01-21','10:07:35','Consulta','2021-05-14 12:52:40','2021-05-14 12:52:40','Atendida'),(251,'Vero iure ab et voluptatem.',1,2,24,'2021-01-02','11:31:35','Examen','2021-05-14 12:52:40','2021-05-14 12:52:40','Atendida'),(252,'Alias pariatur quo neque libero ducimus.',3,62,13,'2020-06-15','06:12:19','Operacion','2021-05-14 12:52:40','2021-05-14 12:52:40','Atendida'),(253,'Blanditiis nam voluptatem dolores aut molestiae.',3,59,6,'2021-01-07','19:40:10','Consulta','2021-05-14 12:52:40','2021-05-14 12:52:40','Atendida'),(254,'Et voluptatem facilis possimus mollitia explicabo reprehenderit est officiis.',2,57,41,'2020-12-29','22:00:48','Consulta','2021-05-14 12:52:40','2021-05-14 12:52:40','Atendida'),(255,'Praesentium ea id praesentium accusamus ea pariatur eos suscipit consectetur.',3,62,7,'2020-11-26','22:24:28','Consulta','2021-05-14 12:52:40','2021-05-14 12:52:40','Atendida'),(256,'Aut amet sint molestiae qui dolorem in rerum animi.',3,55,51,'2021-01-31','04:19:10','Operacion','2021-05-14 12:52:40','2021-05-14 12:52:40','Atendida'),(257,'Nihil illum unde adipisci cupiditate sapiente nemo corporis.',2,60,7,'2020-09-23','04:35:31','Operacion','2021-05-14 12:52:40','2021-05-14 12:52:40','Atendida'),(258,'Et minima eos omnis vel dignissimos vitae numquam ut sed.',3,55,33,'2020-11-07','09:15:35','Consulta','2021-05-14 12:52:40','2021-05-14 12:52:40','Atendida'),(259,'Esse sint soluta voluptate nostrum est.',2,61,25,'2021-02-13','15:31:35','Consulta','2021-05-14 12:52:40','2021-05-14 12:52:40','Cancelada'),(260,'Harum sed tenetur et aut blanditiis ipsa repellat aut rerum.',2,54,53,'2020-07-22','22:13:12','Consulta','2021-05-14 12:52:40','2021-05-14 12:52:40','Cancelada'),(261,'Saepe a iure ullam laboriosam aspernatur quos illum.',3,59,39,'2021-04-21','14:29:29','Examen','2021-05-14 12:52:40','2021-05-14 12:52:40','Cancelada'),(262,'Qui vel laborum velit autem deleniti rerum et repudiandae.',1,62,18,'2020-12-28','14:44:45','Examen','2021-05-14 12:52:41','2021-05-14 12:52:41','Cancelada'),(263,'Dolor distinctio ut error laboriosam facilis sed architecto.',3,56,12,'2020-07-29','03:58:06','Examen','2021-05-14 12:52:41','2021-05-14 12:52:41','Cancelada'),(264,'Nisi labore cupiditate delectus minus vitae.',2,61,21,'2020-09-22','11:43:38','Examen','2021-05-14 12:52:41','2021-05-14 12:52:41','Atendida'),(265,'Distinctio nihil id sed sit ducimus laborum omnis rerum ut.',3,60,30,'2020-09-22','00:55:02','Consulta','2021-05-14 12:52:41','2021-05-14 12:52:41','Atendida'),(266,'Voluptas voluptates vel unde velit.',3,2,46,'2020-05-23','00:21:36','Examen','2021-05-14 12:52:41','2021-05-14 12:52:41','Atendida'),(267,'Culpa reprehenderit et deserunt sapiente temporibus unde nihil.',1,58,42,'2020-12-02','20:03:39','Examen','2021-05-14 12:52:41','2021-05-14 12:52:41','Atendida'),(268,'Qui provident est vel sed occaecati id vel.',3,55,5,'2021-02-08','22:42:27','Operacion','2021-05-14 12:52:41','2021-05-14 12:52:41','Cancelada'),(269,'Nihil amet deserunt id magni omnis.',2,61,40,'2021-04-15','17:27:44','Operacion','2021-05-14 12:52:41','2021-05-14 12:52:41','Atendida'),(270,'Consequatur atque reiciendis nihil quidem distinctio dolorem ea unde.',3,57,13,'2020-12-26','10:29:20','Examen','2021-05-14 12:52:41','2021-05-14 12:52:41','Atendida'),(271,'Maxime voluptas officiis quaerat vel ea in cupiditate qui.',1,58,9,'2021-02-18','23:43:33','Examen','2021-05-14 12:52:41','2021-05-14 12:52:41','Atendida'),(272,'Vero aut sit nisi veritatis et.',2,62,18,'2021-01-16','08:12:50','Examen','2021-05-14 12:52:41','2021-05-14 12:52:41','Cancelada'),(273,'Non quidem deserunt voluptates at fugiat libero repellendus.',1,61,35,'2021-02-07','01:36:35','Operacion','2021-05-14 12:52:41','2021-05-14 12:52:41','Cancelada'),(274,'Harum cumque commodi ut modi fugiat rerum et.',2,59,41,'2020-08-20','19:28:30','Consulta','2021-05-14 12:52:41','2021-05-14 12:52:41','Cancelada'),(275,'Omnis commodi delectus ullam dolor modi voluptatibus.',1,57,11,'2020-06-23','16:06:11','Consulta','2021-05-14 12:52:41','2021-05-14 12:52:41','Cancelada'),(276,'Nemo rerum totam quod laudantium a est.',3,61,15,'2020-10-16','17:59:24','Consulta','2021-05-14 12:52:41','2021-05-14 12:52:41','Cancelada'),(277,'Dolorum aut eos voluptatem odit ea corrupti.',3,61,16,'2020-06-07','23:54:04','Examen','2021-05-14 12:52:41','2021-05-14 12:52:41','Atendida'),(278,'Fugiat facilis magni quasi dolorum enim libero.',1,62,20,'2021-01-24','18:12:48','Operacion','2021-05-14 12:52:41','2021-05-14 12:52:41','Cancelada'),(279,'Nemo quo iusto mollitia itaque eveniet nobis ut earum eum.',1,55,28,'2020-10-14','09:50:50','Operacion','2021-05-14 12:52:41','2021-05-14 12:52:41','Atendida'),(280,'Impedit occaecati doloribus magni molestias.',3,60,24,'2020-05-23','16:07:46','Consulta','2021-05-14 12:52:41','2021-05-14 12:52:41','Cancelada'),(281,'Incidunt consequatur optio ratione non nostrum est possimus architecto.',3,56,22,'2021-03-18','13:49:09','Consulta','2021-05-14 12:52:41','2021-05-14 12:52:41','Cancelada'),(282,'Aperiam qui sit hic explicabo minus.',1,61,5,'2021-05-02','23:57:35','Examen','2021-05-14 12:52:41','2021-05-14 12:52:41','Cancelada'),(283,'Optio atque illum cum ducimus.',1,61,45,'2021-03-20','14:40:56','Operacion','2021-05-14 12:52:41','2021-05-14 12:52:41','Atendida'),(284,'Rerum qui magnam mollitia eum laboriosam recusandae sapiente nesciunt mollitia.',1,61,46,'2020-09-20','18:47:06','Examen','2021-05-14 12:52:41','2021-05-14 12:52:41','Atendida'),(285,'Dolor architecto ea et voluptas sapiente enim quo.',1,54,45,'2020-07-22','19:35:48','Examen','2021-05-14 12:52:41','2021-05-14 12:52:41','Atendida'),(286,'Fugit iure impedit eos sit enim dolores molestias dolores dolore.',3,61,11,'2020-12-12','05:34:39','Examen','2021-05-14 12:52:41','2021-05-14 12:52:41','Atendida'),(287,'Qui consequatur ullam consequatur nam qui id omnis.',1,54,19,'2020-10-07','13:28:11','Consulta','2021-05-14 12:52:41','2021-05-14 12:52:41','Atendida'),(288,'Id voluptatem amet totam soluta dolorem aut.',2,55,45,'2021-03-03','08:57:25','Consulta','2021-05-14 12:52:41','2021-05-14 12:52:41','Atendida'),(289,'Fuga porro ut veritatis voluptatem et quia.',1,2,21,'2021-04-23','19:31:32','Examen','2021-05-14 12:52:41','2021-05-14 12:52:41','Atendida'),(290,'Voluptate reprehenderit libero molestiae voluptas suscipit impedit similique.',3,59,42,'2021-03-14','15:53:13','Consulta','2021-05-14 12:52:41','2021-05-14 12:52:41','Cancelada'),(291,'Qui error similique ut harum.',3,61,26,'2021-02-18','10:20:32','Consulta','2021-05-14 12:52:41','2021-05-14 12:52:41','Atendida'),(292,'Totam corrupti nihil voluptatum quasi vel.',1,60,44,'2021-02-19','12:09:29','Examen','2021-05-14 12:52:41','2021-05-14 12:52:41','Cancelada'),(293,'Sapiente sit ducimus quae commodi et doloremque aspernatur enim.',1,55,19,'2020-10-10','08:05:20','Operacion','2021-05-14 12:52:41','2021-05-14 12:52:41','Cancelada'),(294,'Ea quae aut explicabo architecto earum assumenda non nam.',2,56,24,'2021-05-09','13:12:32','Operacion','2021-05-14 12:52:41','2021-05-14 12:52:41','Cancelada'),(295,'Nam et aut iste totam totam ut hic delectus.',2,54,14,'2020-11-25','20:42:53','Consulta','2021-05-14 12:52:41','2021-05-14 12:52:41','Atendida'),(296,'Dolor nesciunt sint beatae pariatur fugiat quo quo.',2,62,17,'2021-03-05','00:18:36','Consulta','2021-05-14 12:52:41','2021-05-14 12:52:41','Atendida'),(297,'Quae sequi dicta voluptas ut qui.',2,59,44,'2021-03-01','09:10:04','Consulta','2021-05-14 12:52:41','2021-05-14 12:52:41','Cancelada'),(298,'Et rerum facere non labore iusto ipsa voluptates magni dolorum.',3,61,19,'2021-04-27','15:42:40','Operacion','2021-05-14 12:52:41','2021-05-14 12:52:41','Atendida'),(299,'Explicabo non assumenda rerum et aspernatur asperiores ut consequuntur.',3,62,47,'2020-11-16','17:34:42','Operacion','2021-05-14 12:52:41','2021-05-14 12:52:41','Cancelada'),(300,'Fugit fugiat et voluptas et id dolorem sed autem.',1,54,22,'2021-05-13','23:18:40','Consulta','2021-05-14 12:52:41','2021-05-14 12:52:41','Atendida'),(301,'Qui tempora et placeat est repellat itaque repellat.',1,60,34,'2021-03-01','02:36:01','Consulta','2021-05-14 12:52:41','2021-05-14 12:52:41','Atendida'),(302,'Sunt similique in sed quibusdam et laboriosam quidem.',1,2,5,'2020-09-12','09:00:50','Examen','2021-05-14 12:52:41','2021-05-14 12:52:41','Atendida'),(303,'Autem quia similique et qui sed voluptate officiis est quas.',3,55,44,'2021-04-09','10:47:13','Operacion','2021-05-14 12:52:41','2021-05-14 12:52:41','Atendida'),(304,'Minus est numquam ex nobis.',2,2,6,'2021-04-01','00:40:48','Consulta','2021-05-14 12:52:41','2021-05-14 12:52:41','Atendida'),(305,'Ut doloremque architecto sint provident officiis asperiores.',3,60,13,'2020-09-08','07:40:37','Operacion','2021-05-14 12:52:42','2021-05-14 12:52:42','Atendida'),(306,'Inventore sequi aut odit eum excepturi cum aut qui.',2,57,37,'2020-12-23','18:44:32','Consulta','2021-05-14 12:52:42','2021-05-14 12:52:42','Cancelada'),(307,'Voluptate molestias ex voluptas vero.',1,54,3,'2020-09-21','00:10:35','Consulta','2021-05-14 12:52:42','2021-05-14 12:52:42','Cancelada'),(308,'Natus et temporibus consequatur aut voluptate ipsa consequuntur dolorem necessitatibus.',2,56,42,'2020-11-22','01:14:29','Operacion','2021-05-14 12:52:42','2021-05-14 12:52:42','Cancelada'),(309,'Eos magni aspernatur doloribus eaque dolores.',3,55,36,'2021-05-10','11:40:15','Consulta','2021-05-14 12:52:42','2021-05-14 12:52:42','Atendida'),(310,'Ullam aut inventore non quod labore deleniti molestiae ratione dolores.',2,62,4,'2021-02-16','20:20:11','Examen','2021-05-14 12:52:42','2021-05-14 12:52:42','Cancelada'),(311,'Aspernatur omnis voluptate blanditiis nulla velit.',1,62,44,'2020-07-29','16:07:53','Examen','2021-05-14 12:52:42','2021-05-14 12:52:42','Cancelada');

/*Table structure for table `cancelled_appointments` */

DROP TABLE IF EXISTS `cancelled_appointments`;

CREATE TABLE `cancelled_appointments` (
  `id` int(10) unsigned NOT NULL AUTO_INCREMENT,
  `appointment_id` int(10) unsigned NOT NULL,
  `justification` varchar(255) COLLATE utf8mb4_unicode_ci DEFAULT NULL,
  `cancelled_by_id` int(10) unsigned NOT NULL,
  `created_at` timestamp NULL DEFAULT NULL,
  `updated_at` timestamp NULL DEFAULT NULL,
  PRIMARY KEY (`id`),
  KEY `cancelled_appointments_appintment_id_foreign` (`appointment_id`),
  KEY `cancelled_appointments_cancelled_by_foreign` (`cancelled_by_id`),
  CONSTRAINT `cancelled_appointments_appintment_id_foreign` FOREIGN KEY (`appointment_id`) REFERENCES `appointments` (`id`),
  CONSTRAINT `cancelled_appointments_cancelled_by_foreign` FOREIGN KEY (`cancelled_by_id`) REFERENCES `users` (`id`)
) ENGINE=InnoDB AUTO_INCREMENT=2 DEFAULT CHARSET=utf8mb4 COLLATE=utf8mb4_unicode_ci;

/*Data for the table `cancelled_appointments` */

insert  into `cancelled_appointments`(`id`,`appointment_id`,`justification`,`cancelled_by_id`,`created_at`,`updated_at`) values (1,6,'He tenido una emergencia a ultimo momento, me comunicare con usted por telefono mejor',3,'2021-05-12 03:23:49','2021-05-12 03:23:49');

/*Table structure for table `migrations` */

DROP TABLE IF EXISTS `migrations`;

CREATE TABLE `migrations` (
  `id` int(10) unsigned NOT NULL AUTO_INCREMENT,
  `migration` varchar(255) COLLATE utf8mb4_unicode_ci NOT NULL,
  `batch` int(11) NOT NULL,
  PRIMARY KEY (`id`)
) ENGINE=InnoDB AUTO_INCREMENT=67 DEFAULT CHARSET=utf8mb4 COLLATE=utf8mb4_unicode_ci;

/*Data for the table `migrations` */

insert  into `migrations`(`id`,`migration`,`batch`) values (59,'2014_10_12_000000_create_users_table',1),(60,'2014_10_12_100000_create_password_resets_table',1),(61,'2021_04_26_175623_create_specialties_table',1),(62,'2021_04_27_224115_create_work_days_table',1),(63,'2021_04_28_205913_create_appointments_table',1),(64,'2021_04_29_010813_create_specialty_user_table',1),(65,'2021_05_10_200101_add_status_to_appointments',2),(66,'2021_05_12_025155_create_cancelled_appointments_table',3);

/*Table structure for table `password_resets` */

DROP TABLE IF EXISTS `password_resets`;

CREATE TABLE `password_resets` (
  `email` varchar(255) COLLATE utf8mb4_unicode_ci NOT NULL,
  `token` varchar(255) COLLATE utf8mb4_unicode_ci NOT NULL,
  `created_at` timestamp NULL DEFAULT NULL,
  KEY `password_resets_email_index` (`email`)
) ENGINE=InnoDB DEFAULT CHARSET=utf8mb4 COLLATE=utf8mb4_unicode_ci;

/*Data for the table `password_resets` */

/*Table structure for table `specialties` */

DROP TABLE IF EXISTS `specialties`;

CREATE TABLE `specialties` (
  `id` int(10) unsigned NOT NULL AUTO_INCREMENT,
  `name` varchar(255) COLLATE utf8mb4_unicode_ci NOT NULL,
  `description` varchar(255) COLLATE utf8mb4_unicode_ci DEFAULT NULL,
  `created_at` timestamp NULL DEFAULT NULL,
  `updated_at` timestamp NULL DEFAULT NULL,
  PRIMARY KEY (`id`)
) ENGINE=InnoDB AUTO_INCREMENT=4 DEFAULT CHARSET=utf8mb4 COLLATE=utf8mb4_unicode_ci;

/*Data for the table `specialties` */

insert  into `specialties`(`id`,`name`,`description`,`created_at`,`updated_at`) values (1,'Oftomologia',NULL,'2021-05-01 15:26:49','2021-05-01 15:26:49'),(2,'Pediatria',NULL,'2021-05-01 15:26:50','2021-05-01 15:26:50'),(3,'Neurologia',NULL,'2021-05-01 15:26:50','2021-05-01 15:26:50');

/*Table structure for table `specialty_user` */

DROP TABLE IF EXISTS `specialty_user`;

CREATE TABLE `specialty_user` (
  `id` int(10) unsigned NOT NULL AUTO_INCREMENT,
  `user_id` int(10) unsigned NOT NULL,
  `specialty_id` int(10) unsigned NOT NULL,
  `created_at` timestamp NULL DEFAULT NULL,
  `updated_at` timestamp NULL DEFAULT NULL,
  PRIMARY KEY (`id`),
  KEY `specialty_user_user_id_foreign` (`user_id`),
  KEY `specialty_user_specialty_id_foreign` (`specialty_id`),
  CONSTRAINT `specialty_user_specialty_id_foreign` FOREIGN KEY (`specialty_id`) REFERENCES `specialties` (`id`),
  CONSTRAINT `specialty_user_user_id_foreign` FOREIGN KEY (`user_id`) REFERENCES `users` (`id`)
) ENGINE=InnoDB AUTO_INCREMENT=12 DEFAULT CHARSET=utf8mb4 COLLATE=utf8mb4_unicode_ci;

/*Data for the table `specialty_user` */

insert  into `specialty_user`(`id`,`user_id`,`specialty_id`,`created_at`,`updated_at`) values (1,54,1,'2021-05-01 15:26:50','2021-05-01 15:26:50'),(2,55,1,'2021-05-01 15:26:50','2021-05-01 15:26:50'),(3,56,1,'2021-05-01 15:26:50','2021-05-01 15:26:50'),(4,57,2,'2021-05-01 15:26:50','2021-05-01 15:26:50'),(5,58,2,'2021-05-01 15:26:50','2021-05-01 15:26:50'),(6,59,2,'2021-05-01 15:26:50','2021-05-01 15:26:50'),(7,60,3,'2021-05-01 15:26:50','2021-05-01 15:26:50'),(8,61,3,'2021-05-01 15:26:50','2021-05-01 15:26:50'),(9,62,3,'2021-05-01 15:26:50','2021-05-01 15:26:50'),(10,2,1,'2021-05-01 15:34:24','2021-05-01 15:34:24'),(11,2,3,'2021-05-01 15:34:24','2021-05-01 15:34:24');

/*Table structure for table `users` */

DROP TABLE IF EXISTS `users`;

CREATE TABLE `users` (
  `id` int(10) unsigned NOT NULL AUTO_INCREMENT,
  `name` varchar(255) COLLATE utf8mb4_unicode_ci NOT NULL,
  `email` varchar(255) COLLATE utf8mb4_unicode_ci NOT NULL,
  `email_verified_at` timestamp NULL DEFAULT NULL,
  `password` varchar(255) COLLATE utf8mb4_unicode_ci NOT NULL,
  `address` varchar(255) COLLATE utf8mb4_unicode_ci DEFAULT NULL,
  `phone` varchar(255) COLLATE utf8mb4_unicode_ci DEFAULT NULL,
  `dni` varchar(255) COLLATE utf8mb4_unicode_ci NOT NULL,
  `role` varchar(255) COLLATE utf8mb4_unicode_ci NOT NULL,
  `remember_token` varchar(100) COLLATE utf8mb4_unicode_ci DEFAULT NULL,
  `created_at` timestamp NULL DEFAULT NULL,
  `updated_at` timestamp NULL DEFAULT NULL,
  PRIMARY KEY (`id`),
  UNIQUE KEY `users_email_unique` (`email`)
) ENGINE=InnoDB AUTO_INCREMENT=63 DEFAULT CHARSET=utf8mb4 COLLATE=utf8mb4_unicode_ci;

/*Data for the table `users` */

insert  into `users`(`id`,`name`,`email`,`email_verified_at`,`password`,`address`,`phone`,`dni`,`role`,`remember_token`,`created_at`,`updated_at`) values (1,'Juan Saa A','juan@gmail.com',NULL,'$2y$10$u2X4GyHT37kndiCfy5Ka2.9dmUXiopnnLnlHtzYbKG6YByLoLAG.C','La ventura','09397766717','1207486638','admin','L8GIK10JXRpuKzgdxjaoXZe2tSiDe84HeUUva4z0KGdoiJljO7zqtTd6rxor','2021-05-01 15:26:47','2021-05-01 15:26:47'),(2,'Byron Francisco Saa A.','doctor@gmail.com',NULL,'$2y$10$EwgE3/aC4wQQNKJm7E8tEe5jegvi.ISl/.of58et0pEucMuWo6TCi','La ventura','09397766717','1207486638','doctor','PlDAQnu8o4QpgklhBW1jwbj4yawI4CYpkOjiOP48L6FEFNHShCecMnxsaCNq','2021-05-01 15:26:47','2021-05-01 15:26:47'),(3,'Juan Jesus Saa A.','patient@gmail.com',NULL,'$2y$10$j4fEWwvOMgFh7a3YzBvxW..uJWru3c1xmQhldkQuEwpfugktQ1ANK','La ventura','09397766717','1207486638','patient','M90oC9k50NxngFm2kZfFWFWf1JdbcTFlPkxV6t4zXFo4F7bHOwDTbiKPlVKu','2021-05-01 15:26:48','2021-05-01 15:26:48'),(4,'Rosamond Leuschke','brock09@example.com','2021-05-01 15:26:48','$2y$10$TKh8H1.PfQx37YgCzwiKb.KjNyWgaHb9cbcoQgdIVFlYg7B77UdFm','33477 Goyette Plains Suite 527\nNorth Gideon, VA 95476-3367','+6409892400317','33325476','patient','WIIfurkGWU','2021-05-01 15:26:48','2021-05-01 15:26:48'),(5,'Buck Crooks','breitenberg.sherman@example.org','2021-05-01 15:26:48','$2y$10$TKh8H1.PfQx37YgCzwiKb.KjNyWgaHb9cbcoQgdIVFlYg7B77UdFm','3542 Bode Glens Suite 673\nEsmeraldashire, VT 49791','+4158030485911','83267303','patient','J4KjEqPUsO','2021-05-01 15:26:48','2021-05-01 15:26:48'),(6,'Devonte Metz','wyman22@example.org','2021-05-01 15:26:48','$2y$10$TKh8H1.PfQx37YgCzwiKb.KjNyWgaHb9cbcoQgdIVFlYg7B77UdFm','5131 McGlynn Rue\nWest Raquel, ME 70675-6834','+3578811843959','67700940','patient','rTKa3KBuWM','2021-05-01 15:26:48','2021-05-01 15:26:48'),(7,'Opal Altenwerth','vcasper@example.org','2021-05-01 15:26:48','$2y$10$TKh8H1.PfQx37YgCzwiKb.KjNyWgaHb9cbcoQgdIVFlYg7B77UdFm','57667 Watson Forest\nHandview, OK 06663','+3668520855038','32648689','patient','G7sMjwzspw','2021-05-01 15:26:48','2021-05-01 15:26:48'),(8,'Maud Towne','corbin23@example.net','2021-05-01 15:26:48','$2y$10$TKh8H1.PfQx37YgCzwiKb.KjNyWgaHb9cbcoQgdIVFlYg7B77UdFm','63483 Feeney Village Apt. 741\nDaxfurt, WY 99192-6614','+8898390417195','58042082','patient','W0iPjYLddW','2021-05-01 15:26:48','2021-05-01 15:26:48'),(9,'Hudson Crooks','greyson.bednar@example.org','2021-05-01 15:26:48','$2y$10$TKh8H1.PfQx37YgCzwiKb.KjNyWgaHb9cbcoQgdIVFlYg7B77UdFm','82558 Mante Terrace\nLake Don, CA 29004-7290','+3559213085940','75764229','patient','LHEeNX5rMd','2021-05-01 15:26:48','2021-05-01 15:26:48'),(10,'Abigale Lockman','kole65@example.net','2021-05-01 15:26:48','$2y$10$TKh8H1.PfQx37YgCzwiKb.KjNyWgaHb9cbcoQgdIVFlYg7B77UdFm','837 Alfred Crescent\nSouth Darleneborough, GA 90664','+7675296871150','99644829','patient','WmLAODQFcw','2021-05-01 15:26:48','2021-05-01 15:26:48'),(11,'Miss Angelita Borer Sr.','alvina24@example.org','2021-05-01 15:26:48','$2y$10$TKh8H1.PfQx37YgCzwiKb.KjNyWgaHb9cbcoQgdIVFlYg7B77UdFm','797 Schuppe Shoals\nNorth Faustinoberg, PA 92970','+3888346196480','76354270','patient','7zKSaoE4PR','2021-05-01 15:26:48','2021-05-01 15:26:48'),(12,'Mr. Neal Grimes DDS','jwalsh@example.org','2021-05-01 15:26:48','$2y$10$TKh8H1.PfQx37YgCzwiKb.KjNyWgaHb9cbcoQgdIVFlYg7B77UdFm','419 Hyatt Walks Suite 426\nEast Billieport, SD 02236-1306','+9462491541490','17717348','patient','aYbZaJxCve','2021-05-01 15:26:48','2021-05-01 15:26:48'),(13,'Colby Gottlieb','mdonnelly@example.com','2021-05-01 15:26:48','$2y$10$TKh8H1.PfQx37YgCzwiKb.KjNyWgaHb9cbcoQgdIVFlYg7B77UdFm','431 Anabel View\nEast Alessiabury, TN 32286-7311','+9748774753770','12717718','patient','utxzTra3xH','2021-05-01 15:26:48','2021-05-01 15:26:48'),(14,'Francisco Fadel','gcasper@example.com','2021-05-01 15:26:48','$2y$10$TKh8H1.PfQx37YgCzwiKb.KjNyWgaHb9cbcoQgdIVFlYg7B77UdFm','573 Beer Plains Suite 183\nLake Isaiah, NV 31861-8850','+1840265705774','85080096','patient','vEsuXtCZYvkxeXQcscbDa8FnfrvXjxUFx18zF2nGZcVJGpEkh5EpIdmORN0D','2021-05-01 15:26:48','2021-05-01 15:26:48'),(15,'Mr. Max Pfeffer MD','moore.elmo@example.net','2021-05-01 15:26:48','$2y$10$TKh8H1.PfQx37YgCzwiKb.KjNyWgaHb9cbcoQgdIVFlYg7B77UdFm','692 Margot Dale Apt. 515\nDoraland, NJ 34422-5481','+5481014523247','77415177','patient','lLpGkfccXC','2021-05-01 15:26:48','2021-05-01 15:26:48'),(16,'Bessie Feeney I','streich.manley@example.org','2021-05-01 15:26:48','$2y$10$TKh8H1.PfQx37YgCzwiKb.KjNyWgaHb9cbcoQgdIVFlYg7B77UdFm','919 Steuber Ford Apt. 661\nOlsonborough, RI 58386-1407','+6990530271513','21874737','patient','P7853BVe4w','2021-05-01 15:26:48','2021-05-01 15:26:48'),(17,'Hester Keebler','clinton.grimes@example.org','2021-05-01 15:26:48','$2y$10$TKh8H1.PfQx37YgCzwiKb.KjNyWgaHb9cbcoQgdIVFlYg7B77UdFm','192 Smith Gardens Suite 771\nNew Jamir, UT 05717','+7551133715320','97919623','patient','CEZYD9ywS4','2021-05-01 15:26:48','2021-05-01 15:26:48'),(18,'Sean O\'Keefe','weimann.lila@example.net','2021-05-01 15:26:48','$2y$10$TKh8H1.PfQx37YgCzwiKb.KjNyWgaHb9cbcoQgdIVFlYg7B77UdFm','299 Blick Parkways\nHudsonchester, SC 13215-1930','+4029165719576','52722580','patient','ty9eIoaRCz','2021-05-01 15:26:48','2021-05-01 15:26:48'),(19,'Autumn Brakus','elenor.veum@example.net','2021-05-01 15:26:48','$2y$10$TKh8H1.PfQx37YgCzwiKb.KjNyWgaHb9cbcoQgdIVFlYg7B77UdFm','8032 Mante Villages\nPrincessmouth, AZ 91694-5200','+4070070545742','54431496','patient','tF7djTMj5u','2021-05-01 15:26:48','2021-05-01 15:26:48'),(20,'Aylin McGlynn','miller.javier@example.org','2021-05-01 15:26:48','$2y$10$TKh8H1.PfQx37YgCzwiKb.KjNyWgaHb9cbcoQgdIVFlYg7B77UdFm','81407 Clarissa Meadows\nWest Damianside, SD 90088','+6230088655064','20798155','patient','A2tvBx5QF1','2021-05-01 15:26:48','2021-05-01 15:26:48'),(21,'Prof. Eleazar Corkery IV','luz.hermann@example.com','2021-05-01 15:26:48','$2y$10$TKh8H1.PfQx37YgCzwiKb.KjNyWgaHb9cbcoQgdIVFlYg7B77UdFm','1447 Dimitri Union Suite 876\nRobinmouth, RI 35403-8201','+3727542410679','17369856','patient','hfroRJkiJN','2021-05-01 15:26:48','2021-05-01 15:26:48'),(22,'Gaston Ryan','jacynthe.walter@example.org','2021-05-01 15:26:48','$2y$10$TKh8H1.PfQx37YgCzwiKb.KjNyWgaHb9cbcoQgdIVFlYg7B77UdFm','8759 O\'Kon Stravenue Apt. 632\nLynchtown, NY 86809','+2933524182572','22335846','patient','1lapYPpG49','2021-05-01 15:26:48','2021-05-01 15:26:48'),(23,'Prof. Mercedes Hamill','hirthe.christophe@example.com','2021-05-01 15:26:48','$2y$10$TKh8H1.PfQx37YgCzwiKb.KjNyWgaHb9cbcoQgdIVFlYg7B77UdFm','234 Schroeder Stream Apt. 111\nCartwrightburgh, NH 65276-6723','+4907563811795','77747502','patient','TDAA2r816M','2021-05-01 15:26:48','2021-05-01 15:26:48'),(24,'Prof. Lydia Marquardt','meda90@example.net','2021-05-01 15:26:48','$2y$10$TKh8H1.PfQx37YgCzwiKb.KjNyWgaHb9cbcoQgdIVFlYg7B77UdFm','92107 Kshlerin Alley\nPort Guy, NH 88842-3830','+8402772613762','15368486','patient','Bh7rHByvQj','2021-05-01 15:26:49','2021-05-01 15:26:49'),(25,'Kali Rogahn','makenzie.stiedemann@example.net','2021-05-01 15:26:48','$2y$10$TKh8H1.PfQx37YgCzwiKb.KjNyWgaHb9cbcoQgdIVFlYg7B77UdFm','770 Bill Cliff Suite 065\nEast Ward, CA 54994','+3132347491014','49686553','patient','YiOvzHe2OF','2021-05-01 15:26:49','2021-05-01 15:26:49'),(26,'Warren Schiller IV','dickinson.dimitri@example.org','2021-05-01 15:26:48','$2y$10$TKh8H1.PfQx37YgCzwiKb.KjNyWgaHb9cbcoQgdIVFlYg7B77UdFm','1742 Dewitt Ville\nLehnerside, AZ 24877','+7025837532364','52565183','patient','xSyPgXvkoL','2021-05-01 15:26:49','2021-05-01 15:26:49'),(27,'Hollie Kozey','corwin.hubert@example.org','2021-05-01 15:26:48','$2y$10$TKh8H1.PfQx37YgCzwiKb.KjNyWgaHb9cbcoQgdIVFlYg7B77UdFm','926 Keanu View Apt. 006\nPort Reinholdfort, WY 59476-9026','+9892664056285','94708390','patient','A46bVa1fhD','2021-05-01 15:26:49','2021-05-01 15:26:49'),(28,'Mrs. Sally McCullough','daugherty.keon@example.net','2021-05-01 15:26:48','$2y$10$TKh8H1.PfQx37YgCzwiKb.KjNyWgaHb9cbcoQgdIVFlYg7B77UdFm','56697 Fay Club Apt. 666\nLegrosmouth, ID 13009-4503','+5464405671151','13005524','patient','2NT6O7j8V4','2021-05-01 15:26:49','2021-05-01 15:26:49'),(29,'Prof. Dameon Hauck','treutel.audrey@example.com','2021-05-01 15:26:48','$2y$10$TKh8H1.PfQx37YgCzwiKb.KjNyWgaHb9cbcoQgdIVFlYg7B77UdFm','1912 Prohaska Drive\nJohnstonbury, GA 33664','+8731587065590','27306736','patient','1eZ54tmRs4','2021-05-01 15:26:49','2021-05-01 15:26:49'),(30,'Otis Deckow','rolfson.charlie@example.net','2021-05-01 15:26:48','$2y$10$TKh8H1.PfQx37YgCzwiKb.KjNyWgaHb9cbcoQgdIVFlYg7B77UdFm','9820 Virginie Stream\nEast Mollie, VT 26045-4150','+2713997233503','80607698','patient','jOEr8u90wY','2021-05-01 15:26:49','2021-05-01 15:26:49'),(31,'Mrs. Alverta Streich III','gleichner.tyshawn@example.com','2021-05-01 15:26:48','$2y$10$TKh8H1.PfQx37YgCzwiKb.KjNyWgaHb9cbcoQgdIVFlYg7B77UdFm','10888 Grimes Summit Suite 673\nPort Kathleenland, CO 05946','+6009385065469','29878931','patient','JTYKfbqAEh','2021-05-01 15:26:49','2021-05-01 15:26:49'),(32,'Marisa Ullrich','dewitt.franecki@example.com','2021-05-01 15:26:48','$2y$10$TKh8H1.PfQx37YgCzwiKb.KjNyWgaHb9cbcoQgdIVFlYg7B77UdFm','58709 Nedra Circles Apt. 365\nSchummburgh, NH 70894-9178','+2926614154887','79659311','patient','ZVNwmIEWtO','2021-05-01 15:26:49','2021-05-01 15:26:49'),(33,'Brooks Willms','hailey82@example.net','2021-05-01 15:26:48','$2y$10$TKh8H1.PfQx37YgCzwiKb.KjNyWgaHb9cbcoQgdIVFlYg7B77UdFm','35875 Strosin Lane Suite 009\nBreannashire, ND 90119-3130','+3736973574988','32698255','patient','fIHvKBf5xY','2021-05-01 15:26:49','2021-05-01 15:26:49'),(34,'Kieran Mante','huel.leatha@example.com','2021-05-01 15:26:48','$2y$10$TKh8H1.PfQx37YgCzwiKb.KjNyWgaHb9cbcoQgdIVFlYg7B77UdFm','195 Carley Keys Suite 504\nPort Florencio, ND 19708-6259','+6420829875271','88593775','patient','gJb0lgtM20','2021-05-01 15:26:49','2021-05-01 15:26:49'),(35,'Abbie Lueilwitz','rempel.king@example.net','2021-05-01 15:26:48','$2y$10$TKh8H1.PfQx37YgCzwiKb.KjNyWgaHb9cbcoQgdIVFlYg7B77UdFm','4816 Destiney Squares\nSouth Pablo, UT 61493','+2586453680794','13300371','patient','O7AsnK2Eor','2021-05-01 15:26:49','2021-05-01 15:26:49'),(36,'Antonietta Ernser DVM','emely11@example.net','2021-05-01 15:26:48','$2y$10$TKh8H1.PfQx37YgCzwiKb.KjNyWgaHb9cbcoQgdIVFlYg7B77UdFm','9562 Haven Manors Suite 440\nNew Bethany, MO 25947-1987','+8525027137427','13409414','patient','0MY2PHL1Wa','2021-05-01 15:26:49','2021-05-01 15:26:49'),(37,'Graciela Brakus','freda39@example.org','2021-05-01 15:26:48','$2y$10$TKh8H1.PfQx37YgCzwiKb.KjNyWgaHb9cbcoQgdIVFlYg7B77UdFm','77804 Lindgren Squares\nDelphialand, UT 41483-7261','+7871868047208','15985474','patient','yOm3OdcfYJ','2021-05-01 15:26:49','2021-05-01 15:26:49'),(38,'Susana Lehner IV','umcglynn@example.com','2021-05-01 15:26:48','$2y$10$TKh8H1.PfQx37YgCzwiKb.KjNyWgaHb9cbcoQgdIVFlYg7B77UdFm','98060 Leola Inlet Apt. 466\nSouth Jaylon, TN 23149-8854','+7983392443104','53113349','patient','cyPBEuMcAD','2021-05-01 15:26:49','2021-05-01 15:26:49'),(39,'Ray Fadel II','connie.boyle@example.org','2021-05-01 15:26:48','$2y$10$TKh8H1.PfQx37YgCzwiKb.KjNyWgaHb9cbcoQgdIVFlYg7B77UdFm','8020 Connelly Villages Suite 160\nPort Madalyn, CO 77919-6762','+5933136625386','91919853','patient','6pCjGztDGP','2021-05-01 15:26:49','2021-05-01 15:26:49'),(40,'Amie Rau','schmidt.elyssa@example.org','2021-05-01 15:26:48','$2y$10$TKh8H1.PfQx37YgCzwiKb.KjNyWgaHb9cbcoQgdIVFlYg7B77UdFm','63849 Stephania Forks\nBartolettifurt, WI 93561','+8313179728311','70293584','patient','aZjK22bCtu','2021-05-01 15:26:49','2021-05-01 15:26:49'),(41,'Mr. Hayley Casper II','hettie.brakus@example.net','2021-05-01 15:26:48','$2y$10$TKh8H1.PfQx37YgCzwiKb.KjNyWgaHb9cbcoQgdIVFlYg7B77UdFm','717 Klein Springs\nWest Krista, PA 67413','+2558490071529','84470841','patient','vJpjCCsErh','2021-05-01 15:26:49','2021-05-01 15:26:49'),(42,'Vallie Kessler','iklein@example.com','2021-05-01 15:26:48','$2y$10$TKh8H1.PfQx37YgCzwiKb.KjNyWgaHb9cbcoQgdIVFlYg7B77UdFm','489 Gerson Mountains Apt. 493\nSouth Jacynthe, MI 24191','+2512087317130','66032524','patient','bnpKahTy0z','2021-05-01 15:26:49','2021-05-01 15:26:49'),(43,'Ms. Myrtie Jacobs','rosalinda.tillman@example.net','2021-05-01 15:26:48','$2y$10$TKh8H1.PfQx37YgCzwiKb.KjNyWgaHb9cbcoQgdIVFlYg7B77UdFm','58620 Madelynn Divide Suite 582\nNew Kira, NE 71351-6266','+6136571711568','31722940','patient','7pIIEhHz7t','2021-05-01 15:26:49','2021-05-01 15:26:49'),(44,'Mr. Jerrod Rippin','skye.langosh@example.net','2021-05-01 15:26:48','$2y$10$TKh8H1.PfQx37YgCzwiKb.KjNyWgaHb9cbcoQgdIVFlYg7B77UdFm','7248 Oberbrunner Island Suite 719\nLake Giuseppe, LA 42798','+1965835867212','55032846','patient','myUFrvHJdz','2021-05-01 15:26:49','2021-05-01 15:26:49'),(45,'Bernita Jaskolski','marshall53@example.net','2021-05-01 15:26:48','$2y$10$TKh8H1.PfQx37YgCzwiKb.KjNyWgaHb9cbcoQgdIVFlYg7B77UdFm','3885 Hamill Ways\nGrimeshaven, NV 45907-0541','+4632189208034','76252423','patient','HYA36Ofapr','2021-05-01 15:26:49','2021-05-01 15:26:49'),(46,'Miss Margie Shields','alvah03@example.com','2021-05-01 15:26:48','$2y$10$TKh8H1.PfQx37YgCzwiKb.KjNyWgaHb9cbcoQgdIVFlYg7B77UdFm','754 Kiehn Square Apt. 843\nKellitown, ME 51825','+4588471797845','43365407','patient','PfiVOb7lZV','2021-05-01 15:26:49','2021-05-01 15:26:49'),(47,'Granville Streich','madge66@example.com','2021-05-01 15:26:48','$2y$10$TKh8H1.PfQx37YgCzwiKb.KjNyWgaHb9cbcoQgdIVFlYg7B77UdFm','899 Douglas Skyway Apt. 742\nLake Aniya, NY 46475-6773','+8014799794455','10486870','patient','z0USGW4TIL','2021-05-01 15:26:49','2021-05-01 15:26:49'),(48,'Laura Stoltenberg Sr.','laverne.braun@example.org','2021-05-01 15:26:48','$2y$10$TKh8H1.PfQx37YgCzwiKb.KjNyWgaHb9cbcoQgdIVFlYg7B77UdFm','899 Hill Overpass Suite 873\nWest Cullentown, NC 54470','+6853352150858','81955047','patient','KjYilGf4Fk','2021-05-01 15:26:49','2021-05-01 15:26:49'),(49,'Gay Collins','nkshlerin@example.org','2021-05-01 15:26:48','$2y$10$TKh8H1.PfQx37YgCzwiKb.KjNyWgaHb9cbcoQgdIVFlYg7B77UdFm','83799 Wilbert Dam\nWestonchester, TX 28394-7449','+5455915483879','16687851','patient','tSVTu1L1en','2021-05-01 15:26:49','2021-05-01 15:26:49'),(50,'Cassie Jacobi','mayer.misael@example.net','2021-05-01 15:26:48','$2y$10$TKh8H1.PfQx37YgCzwiKb.KjNyWgaHb9cbcoQgdIVFlYg7B77UdFm','39915 Hackett Cove Suite 469\nFernandofort, MS 73516','+1140960933516','38209000','patient','QK15Irv4ZJ','2021-05-01 15:26:49','2021-05-01 15:26:49'),(51,'Miss Karine Rodriguez','weldon48@example.org','2021-05-01 15:26:48','$2y$10$TKh8H1.PfQx37YgCzwiKb.KjNyWgaHb9cbcoQgdIVFlYg7B77UdFm','27697 Marvin Neck Suite 212\nPort Lynn, TX 38033-4386','+7199384784996','17550457','patient','mOefMV8ccE','2021-05-01 15:26:49','2021-05-01 15:26:49'),(52,'Dr. Abigail Gleichner V','jokeefe@example.com','2021-05-01 15:26:48','$2y$10$TKh8H1.PfQx37YgCzwiKb.KjNyWgaHb9cbcoQgdIVFlYg7B77UdFm','6041 Durgan Islands Apt. 658\nNorth Richmond, AR 08487-0390','+5315774270809','59664427','patient','FZxIRu1Ch2','2021-05-01 15:26:49','2021-05-01 15:26:49'),(53,'Mrs. Jammie Bergstrom V','richmond58@example.com','2021-05-01 15:26:48','$2y$10$TKh8H1.PfQx37YgCzwiKb.KjNyWgaHb9cbcoQgdIVFlYg7B77UdFm','379 Corene Skyway\nDoylefurt, DE 27798','+6686223345125','75260819','patient','6IafBm41wI','2021-05-01 15:26:49','2021-05-01 15:26:49'),(54,'Damion Runolfsson','lizzie.kshlerin@example.com','2021-05-01 15:26:50','$2y$10$TKh8H1.PfQx37YgCzwiKb.KjNyWgaHb9cbcoQgdIVFlYg7B77UdFm','76123 Brakus Inlet Apt. 189\nPetefurt, MD 28517-9707','+3628770150252','69132305','doctor','BUOHyy61JB','2021-05-01 15:26:50','2021-05-01 15:26:50'),(55,'Valerie Goldner','sophie18@example.net','2021-05-01 15:26:50','$2y$10$TKh8H1.PfQx37YgCzwiKb.KjNyWgaHb9cbcoQgdIVFlYg7B77UdFm','6954 Hintz Divide Suite 642\nPort Katharina, HI 17082-6653','+2677622921126','79444041','doctor','UDKhdzmPz3','2021-05-01 15:26:50','2021-05-01 15:26:50'),(56,'Francis Barrows','schumm.gavin@example.org','2021-05-01 15:26:50','$2y$10$TKh8H1.PfQx37YgCzwiKb.KjNyWgaHb9cbcoQgdIVFlYg7B77UdFm','3218 Abernathy Fort\nSchuppeland, WI 88809-6531','+8813426528161','27190190','doctor','qWceZXjLTn','2021-05-01 15:26:50','2021-05-01 15:26:50'),(57,'Aubree Hessel','beer.autumn@example.com','2021-05-01 15:26:50','$2y$10$TKh8H1.PfQx37YgCzwiKb.KjNyWgaHb9cbcoQgdIVFlYg7B77UdFm','6221 Stanton Lock Apt. 328\nNorth Eladioshire, AK 86285-2197','+9293946628126','16724315','doctor','tMyTJDIaPA','2021-05-01 15:26:50','2021-05-01 15:26:50'),(58,'Prof. Clifton Dibbert Sr.','vauer@example.net','2021-05-01 15:26:50','$2y$10$TKh8H1.PfQx37YgCzwiKb.KjNyWgaHb9cbcoQgdIVFlYg7B77UdFm','10407 Leonora Avenue\nPort Rivertown, UT 67351-1996','+8230943956731','66175005','doctor','0AKu1NrRxT','2021-05-01 15:26:50','2021-05-01 15:26:50'),(59,'Prof. Mathilde Bauch MD','zwehner@example.com','2021-05-01 15:26:50','$2y$10$TKh8H1.PfQx37YgCzwiKb.KjNyWgaHb9cbcoQgdIVFlYg7B77UdFm','8436 Green Passage Apt. 424\nKreigerberg, UT 44543-6071','+8693417937715','37229747','doctor','P72pyCWHGF','2021-05-01 15:26:50','2021-05-01 15:26:50'),(60,'Delmer Hintz','batz.esmeralda@example.com','2021-05-01 15:26:50','$2y$10$TKh8H1.PfQx37YgCzwiKb.KjNyWgaHb9cbcoQgdIVFlYg7B77UdFm','53885 Moore Road Suite 099\nItzelville, HI 88056','+8119801514139','72950012','doctor','6YAaklihJ1','2021-05-01 15:26:50','2021-05-01 15:26:50'),(61,'Tierra Hammes I','imogene.borer@example.com','2021-05-01 15:26:50','$2y$10$TKh8H1.PfQx37YgCzwiKb.KjNyWgaHb9cbcoQgdIVFlYg7B77UdFm','62984 Wintheiser Plains Apt. 666\nEast Ova, OK 42971-7918','+9304568259435','89101072','doctor','Aq1mJjHh8X','2021-05-01 15:26:50','2021-05-01 15:26:50'),(62,'Bernie Wunsch','mreichert@example.org','2021-05-01 15:26:50','$2y$10$TKh8H1.PfQx37YgCzwiKb.KjNyWgaHb9cbcoQgdIVFlYg7B77UdFm','527 Kling Extension\nNew William, DC 30212-1044','+1815133261852','70870725','doctor','Tp5cZXYadK','2021-05-01 15:26:50','2021-05-01 15:26:50');

/*Table structure for table `work_days` */

DROP TABLE IF EXISTS `work_days`;

CREATE TABLE `work_days` (
  `id` int(10) unsigned NOT NULL AUTO_INCREMENT,
  `day` smallint(5) unsigned NOT NULL,
  `active` tinyint(1) NOT NULL,
  `morning_start` time NOT NULL,
  `morning_end` time NOT NULL,
  `afternoon_start` time NOT NULL,
  `afternoon_end` time NOT NULL,
  `user_id` int(10) unsigned NOT NULL,
  `created_at` timestamp NULL DEFAULT NULL,
  `updated_at` timestamp NULL DEFAULT NULL,
  PRIMARY KEY (`id`),
  KEY `work_days_user_id_foreign` (`user_id`),
  CONSTRAINT `work_days_user_id_foreign` FOREIGN KEY (`user_id`) REFERENCES `users` (`id`)
) ENGINE=InnoDB AUTO_INCREMENT=8 DEFAULT CHARSET=utf8mb4 COLLATE=utf8mb4_unicode_ci;

/*Data for the table `work_days` */

insert  into `work_days`(`id`,`day`,`active`,`morning_start`,`morning_end`,`afternoon_start`,`afternoon_end`,`user_id`,`created_at`,`updated_at`) values (1,0,1,'08:00:00','09:30:00','13:00:00','18:00:00',2,'2021-05-01 15:26:50','2021-05-13 13:35:41'),(2,1,0,'05:00:00','05:00:00','13:00:00','13:00:00',2,'2021-05-01 15:26:50','2021-05-13 13:35:41'),(3,2,0,'05:00:00','05:00:00','13:00:00','13:00:00',2,'2021-05-01 15:26:50','2021-05-13 13:35:41'),(4,3,1,'06:30:00','11:30:00','13:00:00','16:30:00',2,'2021-05-01 15:26:50','2021-05-13 13:35:41'),(5,4,0,'05:00:00','05:00:00','13:00:00','13:00:00',2,'2021-05-01 15:26:50','2021-05-13 13:35:41'),(6,5,1,'07:00:00','09:30:00','13:00:00','18:00:00',2,'2021-05-01 15:26:51','2021-05-13 13:35:41'),(7,6,1,'08:00:00','09:30:00','13:00:00','18:00:00',2,'2021-05-01 15:26:51','2021-05-13 13:35:41');

/*!40101 SET SQL_MODE=@OLD_SQL_MODE */;
/*!40014 SET FOREIGN_KEY_CHECKS=@OLD_FOREIGN_KEY_CHECKS */;
/*!40014 SET UNIQUE_CHECKS=@OLD_UNIQUE_CHECKS */;
/*!40111 SET SQL_NOTES=@OLD_SQL_NOTES */;
